清掃ID,部屋番号,日付,所要時間,エコ清掃フラグ
L00001,101,101,11,0
L00002,201,201,18,0
L00003,216,216,23,0
L00004,203,203,18,0
L00005,213,213,23,0
L00006,206,206,19,0
L00007,205,205,20,0
L00008,212,212,15,0
L00009,215,215,21,0
L00010,208,208,16,0
L00011,207,207,17,0
L00012,217,217,22,0
L00013,214,214,22,0
L00014,211,211,11,0
L00015,202,202,19,0
L00016,210,210,14,0
L00017,210,210,12,0
L00018,205,205,17,0
L00019,206,206,18,0
L00020,211,211,12,0
L00021,217,217,28,0
L00022,215,215,23,0
L00023,216,216,26,0
L00024,213,213,23,0
L00025,214,214,21,0
L00026,101,101,12,0
L00027,201,201,16,0
L00028,203,203,19,0
L00029,202,202,20,0
L00030,212,212,10,0
L00031,208,208,16,0
L00032,207,207,19,0
L00033,101,101,11,0
L00034,207,207,20,0
L00035,201,201,17,0
L00036,217,217,30,0
L00037,205,205,20,0
L00038,214,214,22,0
L00039,215,215,23,0
L00040,211,211,13,0
L00041,203,203,18,0
L00042,208,208,19,0
L00043,206,206,16,0
L00044,213,213,21,0
L00045,216,216,30,0
L00046,212,212,13,0
L00047,209,209,10,0
L00048,210,210,12,0
L00049,202,202,20,0
L00050,212,212,15,0
L00051,203,203,20,0
L00052,216,216,23,0
L00053,211,211,15,0
L00054,205,205,19,0
L00055,101,101,15,0
L00056,213,213,21,0
L00057,207,207,16,0
L00058,202,202,20,0
L00059,201,201,19,0
L00060,206,206,17,0
L00061,215,215,23,0
L00062,209,209,12,0
L00063,208,208,19,0
L00064,214,214,25,0
L00065,210,210,12,0
L00066,217,217,24,0
L00067,210,210,11,0
L00068,217,217,29,0
L00069,208,208,16,0
L00070,201,201,20,0
L00071,217,217,25,0
L00072,101,101,10,0
L00073,206,206,20,0
L00074,211,211,12,0
L00075,207,207,19,0
L00076,209,209,13,0
L00077,203,203,17,0
L00078,205,205,16,0
L00079,212,212,10,0
L00080,216,216,30,0
L00081,208,208,19,0
L00082,205,205,17,0
L00083,101,101,13,0
L00084,210,210,11,0
L00085,216,216,21,0
L00086,215,215,20,0
L00087,213,213,22,0
L00088,217,217,30,0
L00089,206,206,16,0
L00090,214,214,23,0
L00091,201,201,18,0
L00092,203,203,16,0
L00093,216,216,27,0
L00094,214,214,24,0
L00095,208,208,19,0
L00096,201,201,16,0
L00097,212,212,12,0
L00098,211,211,14,0
L00099,202,202,16,0
L00100,210,210,10,0
L00101,217,217,23,0
L00102,213,213,25,0
L00103,203,203,18,0
L00104,205,205,17,0
L00105,101,101,15,0
L00106,208,208,19,0
L00107,207,207,17,0
L00108,215,215,24,0
L00109,217,217,26,0
L00110,212,212,12,0
L00111,201,201,17,0
L00112,216,216,27,0
L00113,213,213,25,0
L00114,203,203,17,0
L00115,206,206,20,0
L00116,205,205,18,0
L00117,210,210,14,0
L00118,207,207,20,0
L00119,101,101,13,0
L00120,206,206,19,0
L00121,216,216,27,0
L00122,205,205,19,0
L00123,212,212,15,0
L00124,211,211,10,0
L00125,202,202,18,0
L00126,209,209,12,0
L00127,217,217,24,0
L00128,215,215,24,0
L00129,214,214,24,0
L00130,206,206,20,0
L00131,202,202,16,0
L00132,209,209,13,0
L00133,212,212,10,0
L00134,201,201,17,0
L00135,211,211,15,0
L00136,217,217,29,0
L00137,213,213,24,0
L00138,101,101,13,0
L00139,203,203,20,0
L00140,208,208,20,0
L00141,205,205,16,0
L00142,207,207,18,0
L00143,210,210,12,0
L00144,215,215,25,0
L00145,214,214,24,0
L00146,216,216,22,0
L00147,214,214,23,0
L00148,203,203,16,0
L00149,203,203,16,0
L00150,211,211,15,0
L00151,210,210,11,0
L00152,217,217,29,0
L00153,216,216,23,0
L00154,209,209,11,0
L00155,202,202,16,0
L00156,214,214,21,0
L00157,207,207,17,0
L00158,213,213,23,0
L00159,215,215,24,0
L00160,101,101,14,0
L00161,214,214,21,0
L00162,217,217,27,0
L00163,215,215,22,0
L00164,206,206,19,0
L00165,216,216,20,0
L00166,210,210,11,0
L00167,213,213,20,0
L00168,209,209,11,0
L00169,201,201,19,0
L00170,101,101,14,0
L00171,212,212,14,0
L00172,205,205,18,0
L00173,217,217,21,0
L00174,209,209,12,0
L00175,101,101,13,0
L00176,210,210,13,0
L00177,211,211,10,0
L00178,214,214,25,0
L00179,208,208,17,0
L00180,205,205,20,0
L00181,201,201,16,0
L00182,206,206,20,0
L00183,213,213,22,0
L00184,212,212,11,0
L00185,101,101,15,0
L00186,210,210,15,0
L00187,208,208,18,0
L00188,217,217,21,0
L00189,207,207,20,0
L00190,216,216,25,0
L00191,212,212,13,0
L00192,203,203,16,0
L00193,202,202,19,0
L00194,214,214,23,0
L00195,213,213,25,0
L00196,206,206,18,0
L00197,215,215,22,0
L00198,207,207,20,0
L00199,211,211,14,0
L00200,205,205,17,0
L00201,208,208,17,0
L00202,203,203,17,0
L00203,202,202,18,0
L00204,214,214,22,0
L00205,216,216,22,0
L00206,206,206,20,0
L00207,209,209,12,0
L00208,101,101,14,0
L00209,217,217,27,0
L00210,202,202,16,0
L00211,213,213,23,0
L00212,203,203,17,0
L00213,217,217,20,0
L00214,216,216,30,0
L00215,207,207,17,0
L00216,205,205,17,0
L00217,201,201,20,0
L00218,208,208,17,0
L00219,215,215,24,0
L00220,101,101,11,0
L00221,210,210,11,0
L00222,212,212,12,0
L00223,206,206,17,0
L00224,211,211,14,0
L00225,214,214,23,0
L00226,209,209,14,0
L00227,211,211,14,0
L00228,214,214,23,0
L00229,203,203,16,0
L00230,201,201,18,0
L00231,210,210,15,0
L00232,101,101,11,0
L00233,215,215,22,0
L00234,213,213,24,0
L00235,207,207,19,0
L00236,202,202,18,0
L00237,216,216,27,0
L00238,212,212,11,0
L00239,208,208,19,0
L00240,214,214,24,0
L00241,205,205,18,0
L00242,217,217,27,0
L00243,214,214,22,0
L00244,216,216,26,0
L00245,203,203,18,0
L00246,213,213,25,0
L00247,206,206,18,0
L00248,101,101,12,0
L00249,202,202,16,0
L00250,210,210,13,0
L00251,207,207,17,0
L00252,215,215,24,0
L00253,213,213,21,0
L00254,212,212,10,0
L00255,101,101,10,0
L00256,211,211,10,0
L00257,203,203,20,0
L00258,217,217,25,0
L00259,201,201,16,0
L00260,205,205,20,0
L00261,206,206,20,0
L00262,209,209,10,0
L00263,202,202,20,0
L00264,208,208,19,0
L00265,214,214,22,0
L00266,212,212,13,0
L00267,207,207,18,0
L00268,217,217,25,0
L00269,203,203,16,0
L00270,208,208,18,0
L00271,216,216,28,0
L00272,205,205,16,0
L00273,202,202,16,0
L00274,211,211,12,0
L00275,101,101,14,0
L00276,213,213,20,0
L00277,101,101,10,0
L00278,202,202,16,0
L00279,217,217,28,0
L00280,211,211,15,0
L00281,216,216,28,0
L00282,206,206,19,0
L00283,212,212,13,0
L00284,205,205,20,0
L00285,214,214,23,0
L00286,210,210,12,0
L00287,209,209,12,0
L00288,201,201,19,0
L00289,213,213,23,0
L00290,207,207,16,0
L00291,208,208,20,0
L00292,202,202,17,0
L00293,101,101,13,0
L00294,217,217,28,0
L00295,214,214,25,0
L00296,215,215,24,0
L00297,205,205,19,0
L00298,209,209,13,0
L00299,212,212,11,0
L00300,216,216,26,0
L00301,211,211,15,0
L00302,206,206,18,0
L00303,213,213,23,0
L00304,210,210,12,0
L00305,201,201,17,0
L00306,203,203,17,0
L00307,214,214,21,0
L00308,207,207,18,0
L00309,212,212,13,0
L00310,214,214,23,0
L00311,210,210,12,0
L00312,206,206,20,0
L00313,215,215,23,0
L00314,208,208,17,0
L00315,217,217,23,0
L00316,216,216,27,0
L00317,209,209,14,0
L00318,203,203,17,0
L00319,211,211,11,0
L00320,101,101,15,0
L00321,101,101,13,0
L00322,206,206,17,0
L00323,205,205,20,0
L00324,217,217,21,0
L00325,210,210,14,0
L00326,208,208,16,0
L00327,213,213,22,0
L00328,214,214,20,0
L00329,202,202,17,0
L00330,207,207,17,0
L00331,215,215,23,0
L00332,212,212,12,0
L00333,201,201,17,0
L00334,213,213,24,0
L00335,214,214,25,0
L00336,217,217,27,0
L00337,208,208,17,0
L00338,210,210,12,0
L00339,209,209,12,0
L00340,207,207,16,0
L00341,215,215,22,0
L00342,212,212,11,0
L00343,206,206,16,0
L00344,216,216,29,0
L00345,206,206,18,0
L00346,212,212,10,0
L00347,101,101,12,0
L00348,214,214,25,0
L00349,217,217,20,0
L00350,210,210,12,0
L00351,205,205,19,0
L00352,202,202,17,0
L00353,203,203,19,0
L00354,216,216,20,0
L00355,201,201,20,0
L00356,211,211,13,0
L00357,206,206,20,0
L00358,209,209,13,0
L00359,211,211,11,0
L00360,215,215,24,0
L00361,212,212,10,0
L00362,203,203,18,0
L00363,201,201,18,0
L00364,202,202,20,0
L00365,216,216,27,0
L00366,207,207,19,0
L00367,217,217,23,0
L00368,208,208,19,0
L00369,210,210,13,0
L00370,209,209,10,0
L00371,101,101,14,0
L00372,201,201,20,0
L00373,206,206,18,0
L00374,208,208,20,0
L00375,211,211,10,0
L00376,212,212,14,0
L00377,205,205,20,0
L00378,213,213,20,0
L00379,214,214,23,0
L00380,216,216,24,0
L00381,215,215,23,0
L00382,206,206,17,0
L00383,210,210,13,0
L00384,214,214,23,0
L00385,211,211,12,0
L00386,208,208,17,0
L00387,217,217,29,0
L00388,215,215,23,0
L00389,205,205,20,0
L00390,101,101,14,0
L00391,202,202,18,0
L00392,208,208,20,0
L00393,214,214,23,0
L00394,201,201,18,0
L00395,203,203,20,0
L00396,210,210,15,0
L00397,213,213,24,0
L00398,212,212,15,0
L00399,206,206,18,0
L00400,101,101,15,0
L00401,211,211,12,0
L00402,207,207,19,0
L00403,216,216,21,0
L00404,217,217,23,0
L00405,214,214,20,0
L00406,217,217,30,0
L00407,201,201,20,0
L00408,209,209,14,0
L00409,203,203,18,0
L00410,216,216,24,0
L00411,206,206,18,0
L00412,210,210,15,0
L00413,207,207,20,0
L00414,214,214,23,0
L00415,213,213,20,0
L00416,201,201,19,0
L00417,207,207,17,0
L00418,215,215,24,0
L00419,209,209,12,0
L00420,101,101,11,0
L00421,206,206,18,0
L00422,208,208,19,0
L00423,217,217,24,0
L00424,214,214,23,0
L00425,210,210,13,0
L00426,203,203,19,0
L00427,213,213,22,0
L00428,212,212,11,0
L00429,202,202,19,0
L00430,215,215,25,0
L00431,205,205,17,0
L00432,211,211,10,0
L00433,209,209,11,0
L00434,201,201,17,0
L00435,205,205,20,0
L00436,214,214,22,0
L00437,213,213,24,0
L00438,101,101,13,0
L00439,212,212,13,0
L00440,202,202,18,0
L00441,201,201,19,0
L00442,207,207,16,0
L00443,217,217,29,0
L00444,207,207,16,0
L00445,101,101,14,0
L00446,210,210,14,0
L00447,208,208,20,0
L00448,211,211,13,0
L00449,202,202,18,0
L00450,216,216,25,0
L00451,214,214,23,0
L00452,213,213,24,0
L00453,208,208,20,0
L00454,214,214,21,0
L00455,212,212,11,0
L00456,217,217,22,0
L00457,210,210,14,0
L00458,207,207,16,0
L00459,202,202,16,0
L00460,217,217,20,0
L00461,203,203,18,0
L00462,209,209,14,0
L00463,202,202,16,0
L00464,216,216,25,0
L00465,214,214,22,0
L00466,206,206,18,0
L00467,210,210,15,0
L00468,206,206,16,0
L00469,208,208,19,0
L00470,215,215,21,0
L00471,202,202,19,0
L00472,203,203,18,0
L00473,216,216,28,0
L00474,209,209,12,0
L00475,212,212,12,0
L00476,214,214,20,0
L00477,201,201,18,0
L00478,201,201,20,0
L00479,203,203,16,0
L00480,210,210,14,0
L00481,202,202,17,0
L00482,208,208,18,0
L00483,215,215,22,0
L00484,212,212,11,0
L00485,211,211,12,0
L00486,217,217,26,0
L00487,213,213,21,0
L00488,101,101,15,0
L00489,207,207,19,0
L00490,211,211,10,0
L00491,212,212,11,0
L00492,101,101,11,0
L00493,213,213,24,0
L00494,203,203,17,0
L00495,206,206,17,0
L00496,214,214,20,0
L00497,205,205,19,0
L00498,217,217,25,0
L00499,209,209,11,0
L00500,101,101,11,0
L00501,207,207,18,0
L00502,206,206,17,0
L00503,205,205,18,0
L00504,208,208,20,0
L00505,212,212,13,0
L00506,208,208,18,0
L00507,214,214,24,0
L00508,207,207,20,0
L00509,211,211,10,0
L00510,209,209,14,0
L00511,213,213,23,0
L00512,212,212,11,0
L00513,210,210,14,0
L00514,212,212,11,0
L00515,208,208,16,0
L00516,201,201,20,0
L00517,215,215,23,0
L00518,206,206,16,0
L00519,101,101,14,0
L00520,203,203,19,0
L00521,205,205,20,0
L00522,214,214,23,0
L00523,101,101,15,0
L00524,215,215,22,0
L00525,205,205,19,0
L00526,216,216,28,0
L00527,202,202,20,0
L00528,206,206,17,0
L00529,203,203,19,0
L00530,210,210,11,0
L00531,207,207,19,0
L00532,212,212,13,0
L00533,217,217,23,0
L00534,210,210,10,0
L00535,213,213,24,0
L00536,206,206,19,0
L00537,208,208,19,0
L00538,205,205,17,0
L00539,202,202,20,0
L00540,207,207,20,0
L00541,203,203,17,0
L00542,215,215,23,0
L00543,217,217,26,0
L00544,214,214,23,0
L00545,207,207,16,0
L00546,210,210,14,0
L00547,211,211,13,0
L00548,203,203,20,0
L00549,206,206,19,0
L00550,208,208,20,0
L00551,202,202,18,0
L00552,213,213,22,0
L00553,206,206,16,0
L00554,215,215,20,0
L00555,205,205,18,0
L00556,216,216,24,0
L00557,210,210,12,0
L00558,211,211,15,0
L00559,217,217,20,0
L00560,208,208,19,0
L00561,101,101,15,0
L00562,217,217,22,0
L00563,211,211,14,0
L00564,203,203,19,0
L00565,210,210,11,0
L00566,207,207,20,0
L00567,216,216,20,0
L00568,216,216,30,0
L00569,201,201,16,0
L00570,214,214,20,0
L00571,217,217,27,0
L00572,212,212,14,0
L00573,209,209,11,0
L00574,205,205,17,0
L00575,203,203,17,0
L00576,217,217,26,0
L00577,101,101,12,0
L00578,214,214,21,0
L00579,201,201,19,0
L00580,211,211,14,0
L00581,213,213,21,0
L00582,207,207,18,0
L00583,215,215,22,0
L00584,209,209,13,0
L00585,206,206,17,0
L00586,203,203,16,0
L00587,213,213,22,0
L00588,201,201,20,0
L00589,209,209,12,0
L00590,211,211,15,0
L00591,206,206,16,0
L00592,205,205,18,0
L00593,210,210,13,0
L00594,208,208,19,0
L00595,217,217,21,0
L00596,216,216,21,0
L00597,215,215,23,0
L00598,201,201,19,0
L00599,213,213,22,0
L00600,216,216,23,0
L00601,211,211,14,0
L00602,206,206,20,0
L00603,209,209,15,0
L00604,207,207,19,0
L00605,101,101,11,0
L00606,214,214,22,0
L00607,202,202,18,0
L00608,216,216,28,0
L00609,209,209,10,0
L00610,205,205,20,0
L00611,203,203,20,0
L00612,215,215,23,0
L00613,212,212,15,0
L00614,207,207,16,0
L00615,213,213,24,0
L00616,212,212,15,0
L00617,201,201,20,0
L00618,216,216,24,0
L00619,215,215,20,0
L00620,203,203,19,0
L00621,210,210,12,0
L00622,212,212,15,0
L00623,217,217,25,0
L00624,207,207,17,0
L00625,205,205,20,0
L00626,202,202,16,0
L00627,216,216,25,0
L00628,213,213,21,0
L00629,209,209,15,0
L00630,214,214,23,0
L00631,215,215,22,0
L00632,206,206,20,0
L00633,203,203,19,0
L00634,101,101,11,0
L00635,209,209,13,0
L00636,202,202,20,0
L00637,208,208,17,0
L00638,217,217,29,0
L00639,205,205,18,0
L00640,210,210,10,0
L00641,202,202,19,0
L00642,208,208,16,0
L00643,214,214,22,0
L00644,207,207,16,0
L00645,201,201,17,0
L00646,217,217,20,0
L00647,209,209,13,0
L00648,211,211,14,0
L00649,101,101,13,0
L00650,203,203,19,0
L00651,101,101,11,0
L00652,208,208,16,0
L00653,203,203,17,0
L00654,207,207,20,0
L00655,205,205,16,0
L00656,216,216,25,0
L00657,215,215,23,0
L00658,210,210,14,0
L00659,212,212,11,0
L00660,101,101,14,0
L00661,215,215,23,0
L00662,208,208,16,0
L00663,217,217,22,0
L00664,214,214,23,0
L00665,207,207,20,0
L00666,211,211,12,0
L00667,213,213,21,0
L00668,216,216,27,0
L00669,206,206,20,0
L00670,203,203,20,0
L00671,212,212,11,0
L00672,201,201,16,0
L00673,202,202,18,0
L00674,210,210,15,0
L00675,205,205,20,0
L00676,203,203,17,0
L00677,211,211,12,0
L00678,208,208,16,0
L00679,207,207,17,0
L00680,210,210,13,0
L00681,212,212,10,0
L00682,206,206,19,0
L00683,202,202,17,0
L00684,207,207,16,0
L00685,214,214,23,0
L00686,202,202,17,0
L00687,217,217,29,0
L00688,212,212,10,0
L00689,201,201,20,0
L00690,203,203,18,0
L00691,205,205,20,0
L00692,213,213,21,0
L00693,215,215,20,0
L00694,213,213,23,0
L00695,101,101,14,0
L00696,208,208,18,0
L00697,216,216,30,0
L00698,203,203,20,0
L00699,212,212,11,0
L00700,205,205,19,0
L00701,214,214,24,0
L00702,215,215,20,0
L00703,211,211,13,0
L00704,206,206,19,0
L00705,207,207,17,0
L00706,216,216,23,0
L00707,211,211,14,0
L00708,201,201,19,0
L00709,212,212,13,0
L00710,208,208,18,0
L00711,209,209,15,0
L00712,202,202,19,0
L00713,205,205,16,0
L00714,212,212,13,0
L00715,205,205,19,0
L00716,202,202,19,0
L00717,209,209,12,0
L00718,217,217,25,0
L00719,216,216,29,0
L00720,207,207,18,0
L00721,210,210,13,0
L00722,201,201,17,0
L00723,214,214,25,0
L00724,212,212,12,0
L00725,207,207,18,0
L00726,208,208,16,0
L00727,203,203,16,0
L00728,217,217,25,0
L00729,209,209,15,0
L00730,201,201,19,0
L00731,213,213,23,0
L00732,206,206,17,0
L00733,207,207,18,0
L00734,101,101,10,0
L00735,216,216,24,0
L00736,214,214,20,0
L00737,217,217,22,0
L00738,206,206,18,0
L00739,202,202,20,0
L00740,211,211,15,0
L00741,210,210,14,0
L00742,201,201,20,0
L00743,214,214,24,0
L00744,101,101,10,0
L00745,205,205,16,0
L00746,212,212,15,0
L00747,208,208,20,0
L00748,205,205,18,0
L00749,208,208,18,0
L00750,213,213,24,0
L00751,212,212,13,0
L00752,216,216,22,0
L00753,202,202,17,0
L00754,203,203,18,0
L00755,206,206,19,0
L00756,215,215,24,0
L00757,210,210,12,0
L00758,209,209,12,0
L00759,208,208,19,0
L00760,216,216,30,0
L00761,209,209,11,0
L00762,203,203,16,0
L00763,207,207,20,0
L00764,213,213,20,0
L00765,202,202,17,0
L00766,101,101,12,0
L00767,210,210,10,0
L00768,207,207,16,0
L00769,101,101,12,0
L00770,205,205,16,0
L00771,213,213,22,0
L00772,212,212,10,0
L00773,217,217,27,0
L00774,203,203,18,0
L00775,214,214,24,0
L00776,211,211,11,0
L00777,217,217,21,0
L00778,214,214,23,0
L00779,212,212,13,0
L00780,201,201,16,0
L00781,209,209,14,0
L00782,216,216,30,0
L00783,207,207,16,0
L00784,207,207,19,0
L00785,210,210,15,0
L00786,212,212,10,0
L00787,211,211,10,0
L00788,206,206,18,0
L00789,209,209,15,0
L00790,201,201,18,0
L00791,217,217,30,0
L00792,216,216,26,0
L00793,205,205,19,0
L00794,215,215,20,0
L00795,211,211,11,0
L00796,206,206,18,0
L00797,201,201,16,0
L00798,212,212,15,0
L00799,203,203,18,0
L00800,209,209,13,0
L00801,207,207,18,0
L00802,203,203,16,0
L00803,201,201,16,0
L00804,212,212,10,0
L00805,214,214,22,0
L00806,215,215,22,0
L00807,205,205,20,0
L00808,216,216,24,0
L00809,101,101,10,0
L00810,211,211,15,0
L00811,210,210,14,0
L00812,202,202,20,0
L00813,207,207,17,0
L00814,215,215,21,0
L00815,210,210,15,0
L00816,213,213,23,0
L00817,208,208,16,0
L00818,212,212,13,0
L00819,217,217,29,0
L00820,214,214,24,0
L00821,216,216,30,0
L00822,206,206,16,0
L00823,217,217,30,0
L00824,211,211,13,0
L00825,214,214,22,0
L00826,213,213,24,0
L00827,202,202,18,0
L00828,207,207,20,0
L00829,205,205,17,0
L00830,203,203,18,0
L00831,215,215,23,0
L00832,209,209,15,0
L00833,101,101,12,0
L00834,210,210,15,0
L00835,201,201,20,0
L00836,216,216,20,0
L00837,212,212,15,0
L00838,203,203,17,0
L00839,215,215,25,0
L00840,214,214,23,0
L00841,201,201,17,0
L00842,202,202,20,0
L00843,211,211,11,0
L00844,216,216,26,0
L00845,205,205,18,0
L00846,210,210,13,0
L00847,207,207,17,0
L00848,217,217,22,0
L00849,212,212,12,0
L00850,101,101,12,0
L00851,209,209,12,0
L00852,208,208,20,0
L00853,213,213,25,0
L00854,209,209,10,0
L00855,206,206,19,0
L00856,208,208,16,0
L00857,210,210,14,0
L00858,202,202,17,0
L00859,216,216,23,0
L00860,201,201,18,0
L00861,207,207,16,0
L00862,217,217,24,0
L00863,214,214,25,0
L00864,212,212,15,0
L00865,101,101,11,0
L00866,213,213,22,0
L00867,205,205,18,0
L00868,211,211,15,0
L00869,203,203,20,0
L00870,216,216,30,0
L00871,206,206,19,0
L00872,211,211,13,0
L00873,101,101,15,0
L00874,201,201,17,0
L00875,205,205,20,0
L00876,202,202,16,0
L00877,214,214,20,0
L00878,210,210,15,0
L00879,212,212,10,0
L00880,215,215,22,0
L00881,208,208,18,0
L00882,217,217,23,0
L00883,213,213,24,0
L00884,203,203,20,0
L00885,209,209,10,0
L00886,207,207,18,0
L00887,214,214,25,0
L00888,211,211,15,0
L00889,210,210,14,0
L00890,206,206,20,0
L00891,205,205,19,0
L00892,202,202,19,0
L00893,213,213,25,0
L00894,215,215,21,0
L00895,207,207,18,0
L00896,212,212,10,0
L00897,208,208,18,0
L00898,201,201,16,0
L00899,209,209,15,0
L00900,216,216,29,0
L00901,217,217,26,0
L00902,203,203,16,0
L00903,101,101,15,0
L00904,211,211,13,0
L00905,208,208,16,0
L00906,215,215,24,0
L00907,214,214,24,0
L00908,202,202,20,0
L00909,210,210,13,0
L00910,206,206,17,0
L00911,205,205,16,0
L00912,203,203,19,0
L00913,212,212,10,0
L00914,213,213,24,0
L00915,216,216,28,0
L00916,217,217,21,0
L00917,201,201,19,0
L00918,210,210,13,0
L00919,201,201,20,0
L00920,101,101,14,0
L00921,214,214,20,0
L00922,207,207,17,0
L00923,209,209,10,0
L00924,217,217,23,0
L00925,203,203,20,0
L00926,206,206,18,0
L00927,208,208,19,0
L00928,202,202,20,0
L00929,212,212,10,0
L00930,213,213,25,0
L00931,205,205,17,0
L00932,215,215,24,0
L00933,216,216,21,0
L00934,211,211,12,0
L00935,207,207,16,0
L00936,209,209,10,0
L00937,203,203,19,0
L00938,206,206,18,0
L00939,205,205,18,0
L00940,217,217,24,0
L00941,101,101,13,0
L00942,214,214,23,0
L00943,201,201,17,0
L00944,210,210,12,0
L00945,212,212,13,0
L00946,208,208,17,0
L00947,202,202,16,0
L00948,213,213,21,0
L00949,216,216,25,0
L00950,213,213,21,0
L00951,203,203,19,0
L00952,215,215,20,0
L00953,201,201,17,0
L00954,205,205,19,0
L00955,212,212,13,0
L00956,214,214,24,0
L00957,206,206,20,0
L00958,207,207,19,0
L00959,210,210,13,0
L00960,209,209,11,0
L00961,216,216,22,0
L00962,202,202,20,0
L00963,208,208,18,0
L00964,217,217,27,0
L00965,101,101,15,0
L00966,212,212,15,0
L00967,205,205,20,0
L00968,201,201,18,0
L00969,210,210,13,0
L00970,207,207,18,0
L00971,211,211,12,0
L00972,202,202,16,0
L00973,209,209,14,0
L00974,101,101,10,0
L00975,206,206,20,0
L00976,213,213,25,0
L00977,203,203,20,0
L00978,216,216,29,0
L00979,214,214,23,0
L00980,208,208,16,0
L00981,215,215,23,0
L00982,213,213,21,0
L00983,210,210,15,0
L00984,216,216,23,0
L00985,217,217,21,0
L00986,201,201,18,0
L00987,205,205,19,0
L00988,202,202,16,0
L00989,212,212,13,0
L00990,209,209,10,0
L00991,207,207,18,0
L00992,208,208,17,0
L00993,101,101,13,0
L00994,211,211,10,0
L00995,203,203,18,0
L00996,206,206,18,0
L00997,215,215,23,0
L00998,214,214,20,0
L00999,207,207,19,0
L01000,217,217,25,0
L01001,215,215,20,0
L01002,211,211,12,0
L01003,205,205,18,0
L01004,214,214,20,0
L01005,201,201,18,0
L01006,202,202,17,0
L01007,209,209,13,0
L01008,101,101,12,0
L01009,213,213,22,0
L01010,216,216,25,0
L01011,210,210,15,0
L01012,212,212,15,0
L01013,208,208,20,0
L01014,203,203,17,0
L01015,206,206,20,0
L01016,211,211,13,0
L01017,208,208,20,0
L01018,214,214,22,0
L01019,217,217,25,0
L01020,205,205,18,0
L01021,203,203,16,0
L01022,209,209,15,0
L01023,207,207,20,0
L01024,216,216,21,0
L01025,215,215,21,0
L01026,210,210,15,0
L01027,101,101,13,0
L01028,201,201,20,0
L01029,202,202,16,0
L01030,208,208,18,0
L01031,209,209,14,0
L01032,205,205,20,0
L01033,215,215,23,0
L01034,216,216,26,0
L01035,212,212,11,0
L01036,206,206,16,0
L01037,211,211,14,0
L01038,210,210,11,0
L01039,217,217,28,0
L01040,201,201,17,0
L01041,213,213,23,0
L01042,203,203,17,0
L01043,214,214,24,0
L01044,101,101,13,0
L01045,207,207,18,0
L01046,101,101,15,0
L01047,208,208,17,0
L01048,201,201,18,0
L01049,216,216,22,0
L01050,206,206,19,0
L01051,217,217,30,0
L01052,203,203,19,0
L01053,211,211,10,0
L01054,214,214,25,0
L01055,205,205,19,0
L01056,213,213,22,0
L01057,209,209,15,0
L01058,207,207,16,0
L01059,210,210,12,0
L01060,215,215,23,0
L01061,202,202,18,0
L01062,214,214,22,0
L01063,215,215,20,0
L01064,206,206,17,0
L01065,210,210,13,0
L01066,101,101,15,0
L01067,216,216,21,0
L01068,207,207,17,0
L01069,217,217,25,0
L01070,201,201,17,0
L01071,209,209,12,0
L01072,203,203,17,0
L01073,208,208,18,0
L01074,212,212,12,0
L01075,205,205,18,0
L01076,213,213,23,0
L01077,202,202,16,0
L01078,202,202,20,0
L01079,203,203,17,0
L01080,210,210,11,0
L01081,211,211,13,0
L01082,101,101,15,0
L01083,205,205,17,0
L01084,212,212,10,0
L01085,208,208,17,0
L01086,216,216,28,0
L01087,215,215,22,0
L01088,206,206,16,0
L01089,214,214,25,0
L01090,207,207,18,0
L01091,217,217,25,0
L01092,201,201,16,0
L01093,209,209,10,0
L01094,216,216,29,0
L01095,201,201,18,0
L01096,208,208,18,0
L01097,215,215,21,0
L01098,205,205,18,0
L01099,206,206,17,0
L01100,101,101,13,0
L01101,207,207,18,0
L01102,214,214,20,0
L01103,211,211,12,0
L01104,210,210,13,0
L01105,212,212,14,0
L01106,202,202,20,0
L01107,213,213,25,0
L01108,209,209,10,0
L01109,217,217,28,0
L01110,203,203,18,0
L01111,205,205,20,0
L01112,202,202,17,0
L01113,207,207,16,0
L01114,217,217,27,0
L01115,201,201,17,0
L01116,101,101,13,0
L01117,214,214,20,0
L01118,208,208,17,0
L01119,215,215,23,0
L01120,212,212,11,0
L01121,210,210,11,0
L01122,213,213,22,0
L01123,211,211,10,0
L01124,209,209,15,0
L01125,206,206,17,0
L01126,203,203,20,0
L01127,216,216,23,0
L01128,209,209,13,0
L01129,211,211,14,0
L01130,206,206,16,0
L01131,213,213,25,0
L01132,214,214,21,0
L01133,210,210,11,0
L01134,212,212,13,0
L01135,207,207,19,0
L01136,205,205,17,0
L01137,217,217,27,0
L01138,208,208,17,0
L01139,216,216,23,0
L01140,101,101,11,0
L01141,215,215,23,0
L01142,212,212,11,0
L01143,206,206,19,0
L01144,207,207,19,0
L01145,216,216,26,0
L01146,213,213,23,0
L01147,214,214,22,0
L01148,203,203,19,0
L01149,205,205,20,0
L01150,101,101,12,0
L01151,210,210,14,0
L01152,217,217,28,0
L01153,208,208,16,0
L01154,211,211,14,0
L01155,202,202,18,0
L01156,209,209,13,0
L01157,201,201,20,0
L01158,216,216,27,0
L01159,203,203,19,0
L01160,215,215,22,0
L01161,210,210,14,0
L01162,208,208,17,0
L01163,212,212,14,0
L01164,206,206,18,0
L01165,205,205,18,0
L01166,209,209,14,0
L01167,211,211,14,0
L01168,101,101,11,0
L01169,213,213,20,0
L01170,201,201,17,0
L01171,202,202,19,0
L01172,217,217,27,0
L01173,214,214,22,0
L01174,203,203,19,0
L01175,202,202,17,0
L01176,211,211,15,0
L01177,214,214,23,0
L01178,201,201,19,0
L01179,212,212,14,0
L01180,206,206,18,0
L01181,217,217,29,0
L01182,210,210,10,0
L01183,101,101,15,0
L01184,207,207,18,0
L01185,213,213,21,0
L01186,215,215,23,0
L01187,208,208,19,0
L01188,209,209,13,0
L01189,216,216,30,0
L01190,206,206,20,0
L01191,209,209,11,0
L01192,201,201,17,0
L01193,211,211,10,0
L01194,214,214,21,0
L01195,216,216,21,0
L01196,207,207,19,0
L01197,212,212,10,0
L01198,203,203,17,0
L01199,101,101,10,0
L01200,202,202,19,0
L01201,205,205,19,0
L01202,215,215,24,0
L01203,217,217,20,0
L01204,213,213,22,0
L01205,208,208,17,0
L01206,206,206,18,0
L01207,202,202,16,0
L01208,217,217,23,0
L01209,101,101,14,0
L01210,208,208,20,0
L01211,209,209,11,0
L01212,212,212,11,0
L01213,207,207,17,0
L01214,210,210,10,0
L01215,215,215,25,0
L01216,214,214,22,0
L01217,201,201,16,0
L01218,216,216,28,0
L01219,203,203,16,0
L01220,211,211,10,0
L01221,205,205,19,0
L01222,213,213,23,0
L01223,210,210,12,0
L01224,212,212,14,0
L01225,205,205,16,0
L01226,214,214,21,0
L01227,202,202,17,0
L01228,207,207,19,0
L01229,217,217,22,0
L01230,215,215,24,0
L01231,206,206,16,0
L01232,203,203,16,0
L01233,208,208,20,0
L01234,101,101,11,0
L01235,216,216,28,0
L01236,211,211,14,0
L01237,209,209,15,0
L01238,201,201,20,0
L01239,213,213,25,0
L01240,205,205,18,0
L01241,208,208,17,0
L01242,209,209,10,0
L01243,211,211,10,0
L01244,212,212,12,0
L01245,215,215,22,0
L01246,210,210,15,0
L01247,214,214,21,0
L01248,201,201,20,0
L01249,217,217,27,0
L01250,207,207,20,0
L01251,202,202,16,0
L01252,206,206,18,0
L01253,213,213,23,0
L01254,203,203,17,0
L01255,207,207,18,0
L01256,215,215,20,0
L01257,210,210,12,0
L01258,101,101,14,0
L01259,206,206,16,0
L01260,208,208,16,0
L01261,216,216,30,0
L01262,212,212,13,0
L01263,213,213,23,0
L01264,214,214,20,0
L01265,202,202,20,0
L01266,217,217,26,0
L01267,201,201,17,0
L01268,209,209,11,0
L01269,205,205,19,0
L01270,203,203,18,0
L01271,210,210,10,0
L01272,202,202,18,0
L01273,216,216,26,0
L01274,217,217,20,0
L01275,208,208,17,0
L01276,213,213,23,0
L01277,101,101,15,0
L01278,205,205,17,0
L01279,209,209,11,0
L01280,206,206,18,0
L01281,201,201,19,0
L01282,207,207,20,0
L01283,211,211,15,0
L01284,214,214,24,0
L01285,212,212,11,0
L01286,206,206,17,0
L01287,208,208,18,0
L01288,205,205,16,0
L01289,202,202,20,0
L01290,101,101,15,0
L01291,212,212,11,0
L01292,213,213,23,0
L01293,215,215,25,0
L01294,203,203,16,0
L01295,211,211,11,0
L01296,216,216,25,0
L01297,217,217,20,0
L01298,210,210,13,0
L01299,201,201,17,0
L01300,214,214,20,0
L01301,207,207,16,0
L01302,206,206,20,0
L01303,201,201,18,0
L01304,101,101,10,0
L01305,209,209,10,0
L01306,216,216,25,0
L01307,205,205,19,0
L01308,214,214,24,0
L01309,212,212,14,0
L01310,211,211,13,0
L01311,208,208,16,0
L01312,202,202,19,0
L01313,217,217,22,0
L01314,206,206,20,0
L01315,215,215,24,0
L01316,203,203,16,0
L01317,208,208,16,0
L01318,201,201,20,0
L01319,207,207,20,0
L01320,202,202,19,0
L01321,213,213,25,0
L01322,217,217,25,0
L01323,101,101,11,0
L01324,211,211,13,0
L01325,214,214,24,0
L01326,210,210,13,0
L01327,214,214,23,0
L01328,213,213,22,0
L01329,208,208,16,0
L01330,216,216,28,0
L01331,207,207,17,0
L01332,212,212,13,0
L01333,206,206,20,0
L01334,210,210,10,0
L01335,201,201,19,0
L01336,209,209,14,0
L01337,203,203,17,0
L01338,101,101,10,0
L01339,217,217,24,0
L01340,205,205,16,0
L01341,211,211,13,0
L01342,202,202,17,0
L01343,215,215,23,0
L01344,214,214,21,0
L01345,202,202,16,0
L01346,211,211,14,0
L01347,217,217,30,0
L01348,208,208,19,0
L01349,216,216,21,0
L01350,213,213,22,0
L01351,215,215,21,0
L01352,206,206,20,0
L01353,205,205,16,0
L01354,212,212,11,0
L01355,201,201,20,0
L01356,209,209,10,0
L01357,210,210,14,0
L01358,211,211,11,0
L01359,216,216,20,0
L01360,205,205,16,0
L01361,213,213,22,0
L01362,209,209,15,0
L01363,217,217,30,0
L01364,210,210,13,0
L01365,215,215,21,0
L01366,203,203,19,0
L01367,101,101,10,0
L01368,208,208,19,0
L01369,201,201,16,0
L01370,101,101,15,0
L01371,214,214,21,0
L01372,210,210,15,0
L01373,201,201,18,0
L01374,217,217,27,0
L01375,213,213,22,0
L01376,212,212,14,0
L01377,211,211,12,0
L01378,203,203,19,0
L01379,206,206,20,0
L01380,216,216,28,0
L01381,202,202,20,0
L01382,208,208,20,0
L01383,213,213,24,0
L01384,217,217,22,0
L01385,207,207,16,0
L01386,205,205,17,0
L01387,209,209,11,0
L01388,202,202,19,0
L01389,203,203,17,0
L01390,201,201,20,0
L01391,212,212,10,0
L01392,214,214,22,0
L01393,206,206,17,0
L01394,207,207,17,0
L01395,212,212,14,0
L01396,205,205,17,0
L01397,202,202,17,0
L01398,209,209,11,0
L01399,216,216,29,0
L01400,215,215,23,0
L01401,210,210,15,0
L01402,101,101,15,0
L01403,203,203,17,0
L01404,201,201,18,0
L01405,206,206,18,0
L01406,209,209,10,0
L01407,206,206,16,0
L01408,211,211,12,0
L01409,213,213,24,0
L01410,202,202,17,0
L01411,205,205,20,0
L01412,216,216,30,0
L01413,207,207,18,0
L01414,214,214,23,0
L01415,210,210,12,0
L01416,212,212,12,0
L01417,208,208,17,0
L01418,203,203,16,0
L01419,217,217,28,0
L01420,213,213,24,0
L01421,216,216,26,0
L01422,208,208,18,0
L01423,205,205,18,0
L01424,214,214,24,0
L01425,212,212,12,0
L01426,201,201,19,0
L01427,203,203,20,0
L01428,101,101,10,0
L01429,206,206,16,0
L01430,210,210,13,0
L01431,207,207,20,0
L01432,211,211,11,0
L01433,209,209,15,0
L01434,215,215,22,0
L01435,202,202,19,0
L01436,205,205,17,0
L01437,216,216,26,0
L01438,209,209,13,0
L01439,208,208,20,0
L01440,210,210,14,0
L01441,206,206,17,0
L01442,101,101,13,0
L01443,213,213,22,0
L01444,214,214,22,0
L01445,217,217,30,0
L01446,212,212,15,0
L01447,203,203,18,0
L01448,207,207,16,0
L01449,211,211,12,0
L01450,215,215,22,0
L01451,202,202,20,0
L01452,101,101,11,0
L01453,208,208,20,0
L01454,213,213,23,0
L01455,211,211,12,0
L01456,210,210,10,0
L01457,206,206,16,0
L01458,203,203,19,0
L01459,201,201,19,0
L01460,216,216,20,0
L01461,214,214,24,0
L01462,207,207,20,0
L01463,213,213,20,0
L01464,206,206,17,0
L01465,205,205,16,0
L01466,203,203,19,0
L01467,211,211,11,0
L01468,201,201,16,0
L01469,101,101,15,0
L01470,209,209,10,0
L01471,214,214,21,0
L01472,217,217,25,0
L01473,210,210,14,0
L01474,206,206,20,0
L01475,207,207,16,0
L01476,210,210,12,0
L01477,205,205,17,0
L01478,216,216,23,0
L01479,208,208,17,0
L01480,211,211,10,0
L01481,201,201,18,0
L01482,209,209,15,0
L01483,203,203,19,0
L01484,213,213,24,0
L01485,212,212,13,0
L01486,216,216,24,0
L01487,209,209,10,0
L01488,101,101,10,0
L01489,208,208,16,0
L01490,201,201,16,0
L01491,206,206,18,0
L01492,210,210,13,0
L01493,215,215,20,0
L01494,202,202,16,0
L01495,214,214,24,0
L01496,203,203,17,0
L01497,212,212,11,0
L01498,206,206,18,0
L01499,205,205,17,0
L01500,201,201,16,0
L01501,209,209,13,0
L01502,207,207,17,0
L01503,208,208,17,0
L01504,216,216,26,0
L01505,101,101,10,0
L01506,217,217,30,0
L01507,202,202,20,0
L01508,213,213,21,0
L01509,210,210,10,0
L01510,212,212,13,0
L01511,213,213,25,0
L01512,206,206,18,0
L01513,210,210,11,0
L01514,207,207,19,0
L01515,205,205,19,0
L01516,211,211,11,0
L01517,215,215,21,0
L01518,212,212,10,0
L01519,203,203,19,0
L01520,101,101,10,0
L01521,201,201,18,0
L01522,208,208,16,0
L01523,209,209,14,0
L01524,202,202,17,0
L01525,214,214,21,0
L01526,216,216,21,0
L01527,217,217,20,0
L01528,211,211,10,0
L01529,209,209,13,0
L01530,207,207,16,0
L01531,201,201,19,0
L01532,203,203,16,0
L01533,213,213,24,0
L01534,217,217,29,0
L01535,212,212,12,0
L01536,206,206,18,0
L01537,210,210,13,0
L01538,216,216,24,0
L01539,215,215,20,0
L01540,101,101,12,0
L01541,202,202,16,0
L01542,208,208,20,0
L01543,215,215,25,0
L01544,216,216,30,0
L01545,213,213,24,0
L01546,207,207,18,0
L01547,205,205,16,0
L01548,211,211,14,0
L01549,203,203,16,0
L01550,210,210,14,0
L01551,214,214,25,0
L01552,217,217,20,0
L01553,212,212,10,0
L01554,210,210,12,0
L01555,214,214,23,0
L01556,212,212,13,0
L01557,208,208,17,0
L01558,206,206,18,0
L01559,217,217,22,0
L01560,205,205,19,0
L01561,213,213,21,0
L01562,216,216,25,0
L01563,211,211,14,0
L01564,202,202,18,0
L01565,201,201,16,0
L01566,205,205,19,0
L01567,201,201,19,0
L01568,202,202,17,0
L01569,207,207,18,0
L01570,213,213,21,0
L01571,208,208,18,0
L01572,211,211,10,0
L01573,215,215,21,0
L01574,214,214,25,0
L01575,206,206,16,0
L01576,101,101,11,0
L01577,209,209,15,0
L01578,206,206,17,0
L01579,215,215,24,0
L01580,205,205,19,0
L01581,212,212,13,0
L01582,213,213,20,0
L01583,217,217,20,0
L01584,202,202,19,0
L01585,211,211,13,0
L01586,208,208,18,0
L01587,203,203,19,0
L01588,210,210,10,0
L01589,209,209,11,0
L01590,203,203,18,0
L01591,205,205,20,0
L01592,202,202,17,0
L01593,213,213,21,0
L01594,211,211,12,0
L01595,101,101,13,0
L01596,215,215,23,0
L01597,216,216,27,0
L01598,209,209,12,0
L01599,210,210,10,0
L01600,217,217,30,0
L01601,201,201,18,0
L01602,208,208,20,0
L01603,202,202,16,0
L01604,203,203,18,0
L01605,214,214,23,0
L01606,208,208,16,0
L01607,207,207,19,0
L01608,215,215,22,0
L01609,210,210,11,0
L01610,213,213,21,0
L01611,212,212,11,0
L01612,217,217,27,0
L01613,201,201,20,0
L01614,211,211,14,0
L01615,206,206,19,0
L01616,205,205,18,0
L01617,209,209,11,0
L01618,101,101,13,0
L01619,216,216,21,0
L01620,214,214,22,0
L01621,203,203,20,0
L01622,215,215,23,0
L01623,208,208,20,0
L01624,209,209,14,0
L01625,101,101,15,0
L01626,206,206,20,0
L01627,213,213,24,0
L01628,217,217,21,0
L01629,212,212,13,0
L01630,207,207,20,0
L01631,205,205,17,0
L01632,202,202,16,0
L01633,210,210,13,0
L01634,215,215,20,0
L01635,216,216,25,0
L01636,211,211,10,0
L01637,203,203,16,0
L01638,208,208,16,0
L01639,205,205,18,0
L01640,207,207,17,0
L01641,212,212,15,0
L01642,214,214,22,0
L01643,213,213,20,0
L01644,202,202,17,0
L01645,217,217,24,0
L01646,215,215,25,0
L01647,208,208,20,0
L01648,210,210,12,0
L01649,212,212,12,0
L01650,216,216,24,0
L01651,101,101,13,0
L01652,211,211,13,0
L01653,209,209,11,0
L01654,201,201,16,0
L01655,207,207,17,0
L01656,217,217,27,0
L01657,214,214,20,0
L01658,201,201,19,0
L01659,215,215,25,0
L01660,212,212,12,0
L01661,205,205,16,0
L01662,207,207,20,0
L01663,206,206,16,0
L01664,208,208,19,0
L01665,217,217,26,0
L01666,216,216,29,0
L01667,210,210,12,0
L01668,203,203,18,0
L01669,209,209,12,0
L01670,209,209,15,0
L01671,215,215,20,0
L01672,214,214,24,0
L01673,213,213,22,0
L01674,101,101,13,0
L01675,205,205,16,0
L01676,208,208,17,0
L01677,206,206,18,0
L01678,217,217,20,0
L01679,201,201,16,0
L01680,203,203,16,0
L01681,202,202,19,0
L01682,203,203,19,0
L01683,216,216,21,0
L01684,206,206,19,0
L01685,211,211,10,0
L01686,210,210,13,0
L01687,205,205,16,0
L01688,215,215,21,0
L01689,207,207,16,0
L01690,201,201,16,0
L01691,213,213,20,0
L01692,202,202,17,0
L01693,101,101,13,0
L01694,209,209,11,0
L01695,216,216,28,0
L01696,209,209,11,0
L01697,203,203,16,0
L01698,215,215,25,0
L01699,201,201,20,0
L01700,210,210,15,0
L01701,205,205,16,0
L01702,207,207,19,0
L01703,101,101,11,0
L01704,213,213,20,0
L01705,217,217,23,0
L01706,211,211,12,0
L01707,206,206,19,0
L01708,202,202,20,0
L01709,212,212,13,0
L01710,208,208,18,0
L01711,214,214,23,0
L01712,208,208,18,0
L01713,211,211,10,0
L01714,213,213,20,0
L01715,209,209,10,0
L01716,205,205,20,0
L01717,216,216,21,0
L01718,210,210,15,0
L01719,207,207,18,0
L01720,206,206,18,0
L01721,215,215,21,0
L01722,207,207,19,0
L01723,206,206,16,0
L01724,210,210,15,0
L01725,217,217,27,0
L01726,212,212,14,0
L01727,205,205,17,0
L01728,211,211,12,0
L01729,209,209,10,0
L01730,217,217,21,0
L01731,212,212,13,0
L01732,213,213,22,0
L01733,206,206,17,0
L01734,201,201,18,0
L01735,101,101,15,0
L01736,202,202,17,0
L01737,209,209,12,0
L01738,214,214,25,0
L01739,216,216,21,0
L01740,208,208,16,0
L01741,207,207,18,0
L01742,217,217,27,0
L01743,201,201,18,0
L01744,211,211,12,0
L01745,217,217,30,0
L01746,212,212,13,0
L01747,101,101,13,0
L01748,201,201,17,0
L01749,208,208,18,0
L01750,215,215,24,0
L01751,213,213,21,0
L01752,206,206,17,0
L01753,216,216,23,0
L01754,203,203,16,0
L01755,206,206,19,0
L01756,207,207,18,0
L01757,211,211,11,0
L01758,216,216,21,0
L01759,205,205,16,0
L01760,213,213,23,0
L01761,217,217,28,0
L01762,101,101,12,0
L01763,212,212,13,0
L01764,214,214,20,0
L01765,210,210,11,0
L01766,209,209,14,0
L01767,101,101,14,0
L01768,207,207,18,0
L01769,216,216,21,0
L01770,203,203,18,0
L01771,205,205,20,0
L01772,208,208,17,0
L01773,206,206,17,0
L01774,212,212,12,0
L01775,207,207,19,0
L01776,101,101,13,0
L01777,209,209,12,0
L01778,210,210,11,0
L01779,215,215,20,0
L01780,213,213,23,0
L01781,216,216,24,0
L01782,202,202,19,0
L01783,212,212,12,0
L01784,208,208,18,0
L01785,216,216,23,0
L01786,209,209,11,0
L01787,214,214,20,0
L01788,211,211,13,0
L01789,201,201,18,0
L01790,205,205,20,0
L01791,217,217,25,0
L01792,215,215,20,0
L01793,203,203,19,0
L01794,213,213,20,0
L01795,201,201,18,0
L01796,214,214,25,0
L01797,208,208,18,0
L01798,210,210,10,0
L01799,215,215,20,0
L01800,210,210,15,0
L01801,211,211,11,0
L01802,212,212,13,0
L01803,206,206,16,0
L01804,207,207,17,0
L01805,217,217,30,0
L01806,203,203,18,0
L01807,201,201,19,0
L01808,205,205,17,0
L01809,214,214,25,0
L01810,211,211,10,0
L01811,216,216,30,0
L01812,209,209,10,0
L01813,210,210,13,0
L01814,217,217,28,0
L01815,206,206,20,0
L01816,208,208,16,0
L01817,201,201,19,0
L01818,215,215,24,0
L01819,205,205,19,0
L01820,208,208,20,0
L01821,101,101,15,0
L01822,210,210,15,0
L01823,215,215,22,0
L01824,201,201,19,0
L01825,213,213,25,0
L01826,217,217,26,0
L01827,207,207,16,0
L01828,214,214,20,0
L01829,215,215,24,0
L01830,214,214,24,0
L01831,211,211,11,0
L01832,202,202,16,0
L01833,213,213,22,0
L01834,206,206,16,0
L01835,207,207,18,0
L01836,210,210,15,0
L01837,209,209,12,0
L01838,212,212,15,0
L01839,205,205,18,0
L01840,207,207,19,0
L01841,202,202,18,0
L01842,208,208,19,0
L01843,203,203,17,0
L01844,101,101,11,0
L01845,206,206,18,0
L01846,207,207,17,0
L01847,209,209,12,0
L01848,212,212,15,0
L01849,210,210,15,0
L01850,216,216,29,0
L01851,201,201,19,0
L01852,215,215,21,0
L01853,206,206,19,0
L01854,207,207,20,0
L01855,208,208,19,0
L01856,213,213,20,0
L01857,202,202,16,0
L01858,212,212,15,0
L01859,211,211,13,0
L01860,214,214,24,0
L01861,215,215,22,0
L01862,210,210,11,0
L01863,217,217,25,0
L01864,202,202,17,0
L01865,210,210,10,0
L01866,208,208,19,0
L01867,215,215,22,0
L01868,205,205,16,0
L01869,201,201,18,0
L01870,203,203,16,0
L01871,209,209,14,0
L01872,207,207,17,0
L01873,213,213,23,0
L01874,212,212,10,0
L01875,203,203,16,0
L01876,208,208,16,0
L01877,205,205,20,0
L01878,201,201,18,0
L01879,101,101,14,0
L01880,207,207,19,0
L01881,202,202,20,0
L01882,213,213,24,0
L01883,203,203,19,0
L01884,215,215,22,0
L01885,207,207,16,0
L01886,205,205,20,0
L01887,216,216,25,0
L01888,213,213,21,0
L01889,101,101,14,0
L01890,209,209,10,0
L01891,216,216,25,0
L01892,207,207,18,0
L01893,208,208,16,0
L01894,202,202,20,0
L01895,209,209,12,0
L01896,214,214,23,0
L01897,217,217,29,0
L01898,201,201,17,0
L01899,208,208,20,0
L01900,201,201,16,0
L01901,207,207,20,0
L01902,215,215,22,0
L01903,214,214,23,0
L01904,101,101,15,0
L01905,217,217,22,0
L01906,212,212,13,0
L01907,203,203,19,0
L01908,205,205,20,0
L01909,211,211,10,0
L01910,217,217,26,0
L01911,201,201,17,0
L01912,210,210,15,0
L01913,207,207,20,0
L01914,216,216,29,0
L01915,206,206,17,0
L01916,209,209,12,0
L01917,205,205,16,0
L01918,211,211,13,0
L01919,201,201,16,0
L01920,207,207,16,0
L01921,212,212,14,0
L01922,206,206,18,0
L01923,214,214,22,0
L01924,208,208,16,0
L01925,213,213,25,0
L01926,203,203,19,0
L01927,210,210,11,0
L01928,203,203,19,0
L01929,216,216,28,0
L01930,101,101,15,0
L01931,217,217,29,0
L01932,201,201,16,0
L01933,215,215,24,0
L01934,214,214,24,0
L01935,206,206,16,0
L01936,203,203,19,0
L01937,101,101,14,0
L01938,214,214,21,0
L01939,202,202,16,0
L01940,215,215,20,0
L01941,210,210,11,0
L01942,206,206,16,0
L01943,208,208,19,0
L01944,203,203,20,0
L01945,212,212,12,0
L01946,201,201,20,0
L01947,207,207,17,0
L01948,209,209,14,0
L01949,201,201,17,0
L01950,206,206,17,0
L01951,212,212,11,0
L01952,202,202,17,0
L01953,203,203,16,0
L01954,211,211,11,0
L01955,216,216,25,0
L01956,208,208,19,0
L01957,207,207,19,0
L01958,215,215,23,0
L01959,217,217,22,0
L01960,205,205,18,0
L01961,212,212,10,0
L01962,202,202,17,0
L01963,214,214,24,0
L01964,216,216,25,0
L01965,205,205,19,0
L01966,206,206,16,0
L01967,208,208,19,0
L01968,211,211,11,0
L01969,213,213,25,0
L01970,215,215,23,0
L01971,209,209,15,0
L01972,203,203,16,0
L01973,213,213,22,0
L01974,201,201,16,0
L01975,202,202,17,0
L01976,212,212,12,0
L01977,209,209,11,0
L01978,211,211,13,0
L01979,215,215,25,0
L01980,207,207,19,0
L01981,206,206,17,0
L01982,214,214,21,0
L01983,203,203,17,0
L01984,101,101,12,0
L01985,217,217,30,0
L01986,208,208,19,0
L01987,101,101,11,0
L01988,214,214,25,0
L01989,213,213,23,0
L01990,209,209,12,0
L01991,203,203,17,0
L01992,215,215,20,0
L01993,210,210,15,0
L01994,206,206,18,0
L01995,212,212,15,0
L01996,201,201,17,0
L01997,207,207,16,0
L01998,202,202,20,0
L01999,205,205,18,0
L02000,216,216,22,0
L02001,217,217,20,0
L02002,211,211,13,0
L02003,203,203,20,0
L02004,213,213,21,0
L02005,210,210,13,0
L02006,217,217,24,0
L02007,206,206,16,0
L02008,201,201,18,0
L02009,213,213,25,0
L02010,215,215,24,0
L02011,203,203,19,0
L02012,211,211,10,0
L02013,207,207,20,0
L02014,216,216,29,0
L02015,101,101,12,0
L02016,208,208,17,0
L02017,206,206,18,0
L02018,205,205,16,0
L02019,207,207,18,0
L02020,212,212,14,0
L02021,211,211,11,0
L02022,203,203,18,0
L02023,216,216,23,0
L02024,209,209,15,0
L02025,210,210,10,0
L02026,101,101,14,0
L02027,202,202,18,0
L02028,214,214,22,0
L02029,201,201,20,0
L02030,215,215,23,0
L02031,205,205,19,0
L02032,212,212,14,0
L02033,214,214,25,0
L02034,209,209,14,0
L02035,202,202,17,0
L02036,206,206,19,0
L02037,208,208,18,0
L02038,213,213,25,0
L02039,211,211,11,0
L02040,210,210,13,0
L02041,205,205,17,0
L02042,210,210,13,0
L02043,207,207,20,0
L02044,203,203,18,0
L02045,213,213,23,0
L02046,217,217,22,0
L02047,214,214,21,0
L02048,201,201,20,0
L02049,101,101,15,0
L02050,202,202,16,0
L02051,215,215,23,0
L02052,208,208,16,0
L02053,210,210,11,0
L02054,206,206,20,0
L02055,201,201,17,0
L02056,202,202,16,0
L02057,211,211,11,0
L02058,213,213,22,0
L02059,214,214,20,0
L02060,205,205,16,0
L02061,203,203,16,0
L02062,216,216,23,0
L02063,215,215,25,0
L02064,217,217,23,0
L02065,101,101,10,0
L02066,209,209,10,0
L02067,217,217,20,0
L02068,202,202,19,0
L02069,208,208,18,0
L02070,210,210,11,0
L02071,203,203,18,0
L02072,214,214,25,0
L02073,215,215,20,0
L02074,213,213,21,0
L02075,101,101,12,0
L02076,206,206,19,0
L02077,216,216,29,0
L02078,205,205,18,0
L02079,212,212,14,0
L02080,201,201,18,0
L02081,207,207,16,0
L02082,211,211,11,0
L02083,215,215,21,0
L02084,101,101,11,0
L02085,215,215,25,0
L02086,217,217,22,0
L02087,211,211,11,0
L02088,207,207,17,0
L02089,208,208,17,0
L02090,216,216,20,0
L02091,206,206,20,0
L02092,201,201,19,0
L02093,210,210,11,0
L02094,214,214,24,0
L02095,101,101,12,0
L02096,203,203,19,0
L02097,213,213,20,0
L02098,214,214,25,0
L02099,202,202,20,0
L02100,212,212,12,0
L02101,208,208,17,0
L02102,201,201,20,0
L02103,207,207,16,0
L02104,101,101,11,0
L02105,216,216,27,0
L02106,203,203,16,0
L02107,211,211,14,0
L02108,206,206,18,0
L02109,207,207,20,0
L02110,202,202,19,0
L02111,211,211,14,0
L02112,201,201,17,0
L02113,205,205,19,0
L02114,217,217,29,0
L02115,215,215,21,0
L02116,209,209,10,0
L02117,214,214,21,0
L02118,212,212,10,0
L02119,208,208,19,0
L02120,206,206,20,0
L02121,203,203,17,0
L02122,207,207,17,0
L02123,211,211,13,0
L02124,208,208,16,0
L02125,216,216,28,0
L02126,213,213,20,0
L02127,210,210,14,0
L02128,101,101,14,0
L02129,205,205,17,0
L02130,202,202,19,0
L02131,214,214,20,0
L02132,217,217,25,0
L02133,208,208,16,0
L02134,216,216,29,0
L02135,201,201,17,0
L02136,215,215,20,0
L02137,210,210,13,0
L02138,207,207,20,0
L02139,213,213,22,0
L02140,214,214,22,0
L02141,205,205,20,0
L02142,203,203,20,0
L02143,217,217,28,0
L02144,212,212,11,0
L02145,101,101,14,0
L02146,101,101,10,0
L02147,206,206,17,0
L02148,211,211,13,0
L02149,212,212,15,0
L02150,214,214,22,0
L02151,210,210,15,0
L02152,217,217,27,0
L02153,215,215,25,0
L02154,216,216,23,0
L02155,203,203,20,0
L02156,208,208,16,0
L02157,207,207,16,0
L02158,202,202,17,0
L02159,201,201,17,0
L02160,209,209,13,0
L02161,213,213,20,0
L02162,205,205,18,0
L02163,202,202,20,0
L02164,209,209,12,0
L02165,208,208,19,0
L02166,203,203,17,0
L02167,207,207,18,0
L02168,213,213,22,0
L02169,205,205,18,0
L02170,212,212,12,0
L02171,201,201,16,0
L02172,214,214,23,0
L02173,206,206,19,0
L02174,211,211,10,0
L02175,202,202,16,0
L02176,209,209,12,0
L02177,101,101,11,0
L02178,211,211,12,0
L02179,212,212,12,0
L02180,202,202,20,0
L02181,217,217,28,0
L02182,208,208,17,0
L02183,216,216,23,0
L02184,209,209,12,0
L02185,206,206,20,0
L02186,210,210,15,0
L02187,203,203,16,0
L02188,214,214,25,0
L02189,208,208,16,0
L02190,216,216,28,0
L02191,101,101,10,0
L02192,209,209,15,0
L02193,212,212,14,0
L02194,214,214,21,0
L02195,210,210,14,0
L02196,203,203,17,0
L02197,207,207,20,0
L02198,211,211,12,0
L02199,205,205,16,0
L02200,217,217,22,0
L02201,203,203,20,0
L02202,206,206,18,0
L02203,201,201,19,0
L02204,215,215,23,0
L02205,207,207,20,0
L02206,216,216,28,0
L02207,217,217,22,0
L02208,205,205,18,0
L02209,212,212,14,0
L02210,101,101,13,0
L02211,214,214,25,0
L02212,208,208,18,0
L02213,214,214,21,0
L02214,101,101,13,0
L02215,210,210,10,0
L02216,207,207,18,0
L02217,212,212,13,0
L02218,217,217,24,0
L02219,202,202,16,0
L02220,211,211,12,0
L02221,209,209,11,0
L02222,208,208,17,0
L02223,215,215,25,0
L02224,206,206,16,0
L02225,216,216,27,0
L02226,210,210,10,0
L02227,202,202,19,0
L02228,101,101,13,0
L02229,214,214,23,0
L02230,213,213,25,0
L02231,206,206,19,0
L02232,203,203,16,0
L02233,212,212,15,0
L02234,217,217,30,0
L02235,215,215,25,0
L02236,207,207,19,0
L02237,208,208,17,0
L02238,209,209,11,0
L02239,211,211,10,0
L02240,201,201,16,0
L02241,216,216,29,0
L02242,205,205,16,0
L02243,215,215,25,0
L02244,216,216,26,0
L02245,208,208,16,0
L02246,215,215,20,0
L02247,216,216,29,0
L02248,101,101,12,0
L02249,213,213,22,0
L02250,210,210,15,0
L02251,201,201,17,0
L02252,212,212,10,0
L02253,211,211,14,0
L02254,203,203,17,0
L02255,205,205,19,0
L02256,214,214,21,0
L02257,213,213,25,0
L02258,206,206,16,0
L02259,212,212,11,0
L02260,208,208,18,0
L02261,202,202,16,0
L02262,201,201,17,0
L02263,210,210,13,0
L02264,203,203,19,0
L02265,209,209,14,0
L02266,205,205,16,0
L02267,211,211,13,0
L02268,101,101,10,0
L02269,202,202,17,0
L02270,205,205,19,0
L02271,210,210,14,0
L02272,201,201,17,0
L02273,215,215,20,0
L02274,212,212,13,0
L02275,211,211,10,0
L02276,209,209,14,0
L02277,217,217,29,0
L02278,216,216,22,0
L02279,213,213,20,0
L02280,214,214,20,0
L02281,203,203,18,0
L02282,207,207,18,0
L02283,208,208,20,0
L02284,211,211,11,0
L02285,206,206,16,0
L02286,101,101,13,0
L02287,209,209,11,0
L02288,213,213,20,0
L02289,217,217,26,0
L02290,210,210,11,0
L02291,205,205,18,0
L02292,215,215,23,0
L02293,101,101,15,0
L02294,212,212,12,0
L02295,209,209,11,0
L02296,216,216,24,0
L02297,211,211,13,0
L02298,205,205,20,0
L02299,201,201,18,0
L02300,202,202,19,0
L02301,208,208,17,0
L02302,215,215,21,0
L02303,213,213,22,0
L02304,207,207,18,0
L02305,206,206,16,0
L02306,207,207,19,0
L02307,209,209,12,0
L02308,208,208,17,0
L02309,211,211,14,0
L02310,202,202,20,0
L02311,217,217,20,0
L02312,215,215,22,0
L02313,214,214,25,0
L02314,203,203,17,0
L02315,210,210,13,0
L02316,206,206,19,0
L02317,205,205,20,0
L02318,201,201,16,0
L02319,213,213,21,0
L02320,101,101,10,0
L02321,212,212,13,0
L02322,216,216,22,0
L02323,212,212,15,0
L02324,205,205,16,0
L02325,207,207,20,0
L02326,209,209,12,0
L02327,210,210,13,0
L02328,203,203,20,0
L02329,212,212,15,0
L02330,216,216,29,0
L02331,213,213,20,0
L02332,205,205,17,0
L02333,202,202,18,0
L02334,206,206,18,0
L02335,217,217,20,0
L02336,215,215,24,0
L02337,214,214,20,0
L02338,216,216,29,0
L02339,213,213,24,0
L02340,212,212,13,0
L02341,209,209,14,0
L02342,211,211,15,0
L02343,203,203,18,0
L02344,215,215,22,0
L02345,210,210,12,0
L02346,208,208,19,0
L02347,205,205,18,0
L02348,101,101,15,0
L02349,203,203,19,0
L02350,216,216,28,0
L02351,208,208,16,0
L02352,214,214,25,0
L02353,215,215,23,0
L02354,207,207,18,0
L02355,210,210,12,0
L02356,201,201,17,0
L02357,217,217,20,0
L02358,211,211,12,0
L02359,101,101,12,0
L02360,209,209,10,0
L02361,206,206,18,0
L02362,207,207,16,0
L02363,215,215,22,0
L02364,210,210,15,0
L02365,205,205,18,0
L02366,217,217,26,0
L02367,101,101,13,0
L02368,212,212,12,0
L02369,216,216,20,0
L02370,209,209,14,0
L02371,213,213,21,0
L02372,203,203,16,0
L02373,211,211,10,0
L02374,213,213,25,0
L02375,210,210,13,0
L02376,207,207,19,0
L02377,101,101,12,0
L02378,215,215,24,0
L02379,216,216,29,0
L02380,202,202,17,0
L02381,212,212,10,0
L02382,214,214,20,0
L02383,201,201,16,0
L02384,203,203,17,0
L02385,208,208,18,0
L02386,205,205,16,0
L02387,215,215,22,0
L02388,216,216,20,0
L02389,203,203,18,0
L02390,214,214,25,0
L02391,201,201,20,0
L02392,101,101,10,0
L02393,208,208,19,0
L02394,210,210,15,0
L02395,209,209,13,0
L02396,213,213,20,0
L02397,206,206,20,0
L02398,217,217,21,0
L02399,212,212,12,0
L02400,202,202,18,0
L02401,211,211,13,0
L02402,207,207,18,0
L02403,213,213,22,0
L02404,217,217,28,0
L02405,208,208,18,0
L02406,214,214,20,0
L02407,101,101,10,0
L02408,211,211,10,0
L02409,205,205,16,0
L02410,216,216,24,0
L02411,217,217,20,0
L02412,206,206,16,0
L02413,215,215,22,0
L02414,207,207,19,0
L02415,209,209,12,0
L02416,203,203,18,0
L02417,210,210,12,0
L02418,212,212,14,0
L02419,215,215,23,0
L02420,213,213,23,0
L02421,203,203,20,0
L02422,101,101,11,0
L02423,209,209,12,0
L02424,201,201,20,0
L02425,205,205,19,0
L02426,216,216,25,0
L02427,202,202,17,0
L02428,207,207,18,0
L02429,214,214,23,0
L02430,215,215,20,0
L02431,212,212,12,0
L02432,101,101,14,0
L02433,217,217,29,0
L02434,205,205,20,0
L02435,202,202,17,0
L02436,203,203,18,0
L02437,208,208,19,0
L02438,216,216,26,0
L02439,213,213,21,0
L02440,201,201,18,0
L02441,206,206,19,0
L02442,209,209,13,0
L02443,207,207,16,0
L02444,210,210,10,0
L02445,212,212,11,0
L02446,207,207,20,0
L02447,209,209,10,0
L02448,206,206,19,0
L02449,205,205,20,0
L02450,211,211,12,0
L02451,214,214,25,0
L02452,208,208,16,0
L02453,215,215,20,0
L02454,203,203,20,0
L02455,210,210,10,0
L02456,202,202,17,0
L02457,216,216,30,0
L02458,101,101,10,0
L02459,201,201,19,0
L02460,217,217,25,0
L02461,213,213,21,0
L02462,208,208,18,0
L02463,215,215,20,0
L02464,101,101,14,0
L02465,210,210,15,0
L02466,217,217,21,0
L02467,203,203,18,0
L02468,205,205,20,0
L02469,211,211,12,0
L02470,201,201,20,0
L02471,202,202,16,0
L02472,212,212,12,0
L02473,206,206,17,0
L02474,207,207,16,0
L02475,214,214,22,0
L02476,209,209,10,0
L02477,216,216,27,0
L02478,213,213,20,0
L02479,212,212,13,0
L02480,216,216,24,0
L02481,203,203,16,0
L02482,101,101,15,0
L02483,211,211,13,0
L02484,214,214,25,0
L02485,210,210,12,0
L02486,209,209,13,0
L02487,207,207,19,0
L02488,205,205,19,0
L02489,208,208,17,0
L02490,206,206,16,0
L02491,217,217,30,0
L02492,215,215,20,0
L02493,202,202,17,0
L02494,201,201,17,0
L02495,202,202,17,0
L02496,206,206,16,0
L02497,205,205,20,0
L02498,217,217,27,0
L02499,208,208,19,0
L02500,215,215,23,0
L02501,211,211,10,0
L02502,206,206,17,0
L02503,216,216,25,0
L02504,203,203,18,0
L02505,209,209,13,0
L02506,212,212,10,0
L02507,214,214,23,0
L02508,202,202,20,0
L02509,217,217,24,0
L02510,214,214,22,0
L02511,211,211,12,0
L02512,207,207,19,0
L02513,212,212,14,0
L02514,205,205,19,0
L02515,206,206,18,0
L02516,216,216,25,0
L02517,209,209,15,0
L02518,215,215,24,0
L02519,101,101,14,0
L02520,210,210,11,0
L02521,210,210,12,0
L02522,213,213,25,0
L02523,209,209,12,0
L02524,205,205,16,0
L02525,211,211,15,0
L02526,101,101,14,0
L02527,214,214,21,0
L02528,203,203,17,0
L02529,201,201,20,0
L02530,217,217,21,0
L02531,215,215,20,0
L02532,206,206,17,0
L02533,205,205,19,0
L02534,209,209,15,0
L02535,207,207,17,0
L02536,201,201,18,0
L02537,202,202,18,0
L02538,216,216,27,0
L02539,213,213,25,0
L02540,101,101,14,0
L02541,211,211,15,0
L02542,215,215,21,0
L02543,206,206,20,0
L02544,217,217,27,0
L02545,217,217,25,0
L02546,205,205,20,0
L02547,201,201,16,0
L02548,216,216,24,0
L02549,211,211,12,0
L02550,214,214,24,0
L02551,210,210,14,0
L02552,208,208,18,0
L02553,206,206,16,0
L02554,207,207,16,0
L02555,215,215,24,0
L02556,212,212,15,0
L02557,213,213,22,0
L02558,208,208,19,0
L02559,101,101,12,0
L02560,203,203,20,0
L02561,210,210,12,0
L02562,205,205,19,0
L02563,217,217,23,0
L02564,209,209,14,0
L02565,212,212,11,0
L02566,207,207,18,0
L02567,213,213,24,0
L02568,206,206,20,0
L02569,202,202,19,0
L02570,211,211,14,0
L02571,201,201,16,0
L02572,214,214,25,0
L02573,216,216,27,0
L02574,215,215,21,0
L02575,209,209,13,0
L02576,210,210,13,0
L02577,208,208,19,0
L02578,206,206,19,0
L02579,217,217,24,0
L02580,202,202,20,0
L02581,214,214,23,0
L02582,210,210,11,0
L02583,213,213,23,0
L02584,216,216,28,0
L02585,201,201,16,0
L02586,101,101,12,0
L02587,205,205,17,0
L02588,211,211,12,0
L02589,213,213,21,0
L02590,201,201,18,0
L02591,205,205,16,0
L02592,209,209,14,0
L02593,212,212,10,0
L02594,202,202,20,0
L02595,208,208,19,0
L02596,206,206,16,0
L02597,217,217,26,0
L02598,203,203,17,0
L02599,210,210,14,0
L02600,101,101,14,0
L02601,211,211,13,0
L02602,203,203,18,0
L02603,213,213,23,0
L02604,217,217,26,0
L02605,206,206,19,0
L02606,208,208,19,0
L02607,209,209,13,0
L02608,201,201,19,0
L02609,212,212,10,0
L02610,216,216,29,0
L02611,215,215,20,0
L02612,210,210,14,0
L02613,208,208,16,0
L02614,217,217,29,0
L02615,205,205,17,0
L02616,216,216,25,0
L02617,201,201,17,0
L02618,203,203,19,0
L02619,206,206,18,0
L02620,210,210,11,0
L02621,213,213,22,0
L02622,202,202,20,0
L02623,212,212,15,0
L02624,214,214,25,0
L02625,205,205,20,0
L02626,211,211,11,0
L02627,201,201,16,0
L02628,208,208,19,0
L02629,213,213,23,0
L02630,206,206,20,0
L02631,212,212,13,0
L02632,215,215,20,0
L02633,214,214,24,0
L02634,217,217,25,0
L02635,101,101,13,0
L02636,202,202,19,0
L02637,209,209,12,0
L02638,212,212,14,0
L02639,206,206,16,0
L02640,209,209,10,0
L02641,205,205,18,0
L02642,202,202,19,0
L02643,215,215,25,0
L02644,211,211,11,0
L02645,203,203,20,0
L02646,208,208,19,0
L02647,216,216,27,0
L02648,214,214,20,0
L02649,213,213,25,0
L02650,217,217,24,0
L02651,201,201,18,0
L02652,207,207,19,0
L02653,210,210,13,0
L02654,101,101,13,0
L02655,101,101,10,0
L02656,207,207,18,0
L02657,212,212,10,0
L02658,213,213,22,0
L02659,203,203,19,0
L02660,207,207,19,0
L02661,202,202,16,0
L02662,214,214,21,0
L02663,201,201,18,0
L02664,217,217,20,0
L02665,213,213,25,0
L02666,214,214,20,0
L02667,210,210,12,0
L02668,101,101,12,0
L02669,201,201,18,0
L02670,207,207,18,0
L02671,208,208,20,0
L02672,217,217,24,0
L02673,207,207,16,0
L02674,206,206,20,0
L02675,202,202,20,0
L02676,211,211,14,0
L02677,215,215,22,0
L02678,214,214,23,0
L02679,208,208,18,0
L02680,101,101,11,0
L02681,202,202,18,0
L02682,211,211,13,0
L02683,209,209,15,0
L02684,217,217,23,0
L02685,212,212,13,0
L02686,213,213,22,0
L02687,201,201,18,0
L02688,215,215,25,0
L02689,217,217,28,0
L02690,216,216,24,0
L02691,212,212,12,0
L02692,213,213,22,0
L02693,207,207,18,0
L02694,210,210,15,0
L02695,206,206,19,0
L02696,209,209,13,0
L02697,208,208,19,0
L02698,101,101,11,0
L02699,214,214,21,0
L02700,215,215,22,0
L02701,209,209,15,0
L02702,217,217,24,0
L02703,210,210,11,0
L02704,208,208,16,0
L02705,212,212,15,0
L02706,101,101,12,0
L02707,216,216,20,0
L02708,207,207,20,0
L02709,201,201,18,0
L02710,205,205,17,0
L02711,203,203,16,0
L02712,216,216,30,0
L02713,214,214,23,0
L02714,101,101,11,0
L02715,207,207,19,0
L02716,202,202,19,0
L02717,209,209,11,0
L02718,210,210,14,0
L02719,207,207,17,0
L02720,203,203,19,0
L02721,211,211,13,0
L02722,216,216,29,0
L02723,210,210,12,0
L02724,213,213,25,0
L02725,201,201,20,0
L02726,202,202,20,0
L02727,215,215,23,0
L02728,212,212,10,0
L02729,208,208,20,0
L02730,216,216,29,0
L02731,211,211,12,0
L02732,201,201,17,0
L02733,206,206,19,0
L02734,209,209,13,0
L02735,213,213,20,0
L02736,207,207,17,0
L02737,206,206,19,0
L02738,208,208,19,0
L02739,212,212,14,0
L02740,216,216,28,0
L02741,202,202,16,0
L02742,205,205,17,0
L02743,213,213,23,0
L02744,205,205,19,0
L02745,101,101,15,0
L02746,207,207,18,0
L02747,201,201,18,0
L02748,202,202,20,0
L02749,208,208,17,0
L02750,217,217,30,0
L02751,206,206,20,0
L02752,214,214,22,0
L02753,101,101,11,0
L02754,203,203,18,0
L02755,202,202,16,0
L02756,205,205,16,0
L02757,217,217,27,0
L02758,212,212,14,0
L02759,211,211,13,0
L02760,214,214,20,0
L02761,206,206,19,0
L02762,201,201,18,0
L02763,207,207,17,0
L02764,211,211,13,0
L02765,201,201,19,0
L02766,216,216,27,0
L02767,205,205,20,0
L02768,207,207,18,0
L02769,215,215,21,0
L02770,209,209,12,0
L02771,214,214,23,0
L02772,211,211,10,0
L02773,205,205,19,0
L02774,202,202,18,0
L02775,209,209,14,0
L02776,208,208,16,0
L02777,207,207,20,0
L02778,217,217,21,0
L02779,212,212,13,0
L02780,101,101,11,0
L02781,203,203,19,0
L02782,215,215,24,0
L02783,209,209,12,0
L02784,211,211,10,0
L02785,205,205,19,0
L02786,101,101,11,0
L02787,206,206,18,0
L02788,201,201,20,0
L02789,211,211,11,0
L02790,101,101,12,0
L02791,207,207,16,0
L02792,215,215,20,0
L02793,203,203,19,0
L02794,202,202,20,0
L02795,217,217,21,0
L02796,206,206,18,0
L02797,209,209,13,0
L02798,212,212,14,0
L02799,214,214,23,0
L02800,201,201,20,0
L02801,101,101,10,0
L02802,205,205,19,0
L02803,217,217,29,0
L02804,213,213,24,0
L02805,210,210,11,0
L02806,211,211,11,0
L02807,217,217,20,0
L02808,205,205,19,0
L02809,202,202,16,0
L02810,209,209,10,0
L02811,101,101,14,0
L02812,212,212,10,0
L02813,215,215,21,0
L02814,216,216,23,0
L02815,210,210,15,0
L02816,211,211,12,0
L02817,203,203,20,0
L02818,213,213,20,0
L02819,210,210,11,0
L02820,215,215,21,0
L02821,213,213,23,0
L02822,202,202,18,0
L02823,209,209,11,0
L02824,214,214,21,0
L02825,211,211,13,0
L02826,201,201,20,0
L02827,101,101,15,0
L02828,210,210,11,0
L02829,203,203,18,0
L02830,201,201,20,0
L02831,214,214,22,0
L02832,208,208,16,0
L02833,202,202,20,0
L02834,213,213,20,0
L02835,208,208,16,0
L02836,215,215,25,0
L02837,212,212,13,0
L02838,203,203,20,0
L02839,209,209,15,0
L02840,217,217,25,0
L02841,207,207,20,0
L02842,214,214,24,0
L02843,101,101,10,0
L02844,211,211,10,0
L02845,208,208,17,0
L02846,203,203,20,0
L02847,215,215,22,0
L02848,216,216,26,0
L02849,201,201,18,0
L02850,202,202,16,0
L02851,211,211,11,0
L02852,202,202,16,0
L02853,207,207,16,0
L02854,205,205,20,0
L02855,203,203,17,0
L02856,214,214,24,0
L02857,208,208,19,0
L02858,215,215,24,0
L02859,206,206,16,0
L02860,212,212,12,0
L02861,209,209,13,0
L02862,208,208,18,0
L02863,217,217,29,0
L02864,216,216,25,0
L02865,215,215,20,0
L02866,203,203,16,0
L02867,212,212,15,0
L02868,206,206,17,0
L02869,210,210,10,0
L02870,211,211,11,0
L02871,207,207,17,0
L02872,211,211,14,0
L02873,203,203,16,0
L02874,201,201,18,0
L02875,212,212,14,0
L02876,101,101,13,0
L02877,210,210,13,0
L02878,205,205,19,0
L02879,213,213,25,0
L02880,209,209,14,0
L02881,208,208,18,0
L02882,212,212,11,0
L02883,214,214,21,0
L02884,211,211,14,0
L02885,206,206,18,0
L02886,210,210,11,0
L02887,201,201,20,0
L02888,205,205,17,0
L02889,202,202,19,0
L02890,101,101,12,0
L02891,210,210,15,0
L02892,205,205,18,0
L02893,215,215,21,0
L02894,208,208,20,0
L02895,212,212,14,0
L02896,217,217,24,0
L02897,209,209,13,0
L02898,216,216,23,0
L02899,211,211,13,0
L02900,203,203,19,0
L02901,209,209,11,0
L02902,211,211,12,0
L02903,203,203,20,0
L02904,215,215,25,0
L02905,207,207,18,0
L02906,212,212,10,0
L02907,201,201,17,0
L02908,210,210,10,0
L02909,217,217,22,0
L02910,216,216,27,0
L02911,202,202,19,0
L02912,208,208,17,0
L02913,214,214,25,0
L02914,202,202,16,0
L02915,207,207,19,0
L02916,210,210,14,0
L02917,215,215,21,0
L02918,209,209,10,0
L02919,101,101,13,0
L02920,206,206,17,0
L02921,213,213,22,0
L02922,212,212,10,0
L02923,208,208,18,0
L02924,203,203,18,0
L02925,205,205,17,0
L02926,210,210,11,0
L02927,212,212,13,0
L02928,209,209,13,0
L02929,213,213,24,0
L02930,201,201,20,0
L02931,217,217,22,0
L02932,101,101,12,0
L02933,203,203,18,0
L02934,208,208,20,0
L02935,215,215,21,0
L02936,216,216,27,0
L02937,206,206,17,0
L02938,214,214,23,0
L02939,202,202,20,0
L02940,211,211,15,0
L02941,207,207,19,0
L02942,205,205,19,0
L02943,210,210,14,0
L02944,202,202,17,0
L02945,216,216,28,0
L02946,201,201,20,0
L02947,206,206,20,0
L02948,215,215,22,0
L02949,208,208,20,0
L02950,212,212,10,0
L02951,211,211,11,0
L02952,217,217,28,0
L02953,207,207,19,0
L02954,101,101,13,0
L02955,205,205,17,0
L02956,213,213,24,0
L02957,217,217,27,0
L02958,209,209,13,0
L02959,211,211,12,0
L02960,207,207,19,0
L02961,215,215,24,0
L02962,203,203,19,0
L02963,101,101,14,0
L02964,210,210,10,0
L02965,213,213,20,0
L02966,202,202,18,0
L02967,216,216,20,0
L02968,214,214,23,0
L02969,214,214,23,0
L02970,211,211,15,0
L02971,201,201,17,0
L02972,101,101,14,0
L02973,208,208,19,0
L02974,210,210,14,0
L02975,212,212,13,0
L02976,213,213,22,0
L02977,207,207,17,0
L02978,215,215,25,0
L02979,216,216,24,0
L02980,203,203,16,0
L02981,203,203,18,0
L02982,211,211,13,0
L02983,207,207,17,0
L02984,205,205,16,0
L02985,216,216,30,0
L02986,213,213,24,0
L02987,206,206,16,0
L02988,215,215,21,0
L02989,101,101,10,0
L02990,210,210,12,0
L02991,217,217,20,0
L02992,209,209,12,0
L02993,203,203,16,0
L02994,207,207,16,0
L02995,202,202,19,0
L02996,210,210,10,0
L02997,205,205,20,0
L02998,101,101,10,0
L02999,212,212,11,0
L03000,209,209,14,0
L03001,217,217,24,0
L03002,215,215,21,0
L03003,206,206,17,0
L03004,201,201,19,0
L03005,208,208,16,0
L03006,215,215,21,0
L03007,206,206,19,0
L03008,201,201,18,0
L03009,210,210,13,0
L03010,217,217,28,0
L03011,101,101,10,0
L03012,213,213,22,0
L03013,203,203,20,0
L03014,209,209,13,0
L03015,211,211,11,0
L03016,207,207,18,0
L03017,202,202,18,0
L03018,208,208,16,0
L03019,205,205,16,0
L03020,216,216,29,0
L03021,202,202,17,0
L03022,217,217,25,0
L03023,213,213,21,0
L03024,201,201,16,0
L03025,206,206,16,0
L03026,215,215,20,0
L03027,211,211,10,0
L03028,207,207,18,0
L03029,214,214,24,0
L03030,210,210,12,0
L03031,209,209,12,0
L03032,101,101,13,0
L03033,212,212,13,0
L03034,203,203,17,0
L03035,207,207,16,0
L03036,205,205,17,0
L03037,209,209,13,0
L03038,214,214,20,0
L03039,210,210,15,0
L03040,203,203,16,0
L03041,206,206,16,0
L03042,211,211,15,0
L03043,213,213,25,0
L03044,217,217,27,0
L03045,101,101,12,0
L03046,208,208,20,0
L03047,216,216,23,0
L03048,212,212,10,0
L03049,101,101,13,0
L03050,209,209,12,0
L03051,213,213,23,0
L03052,210,210,10,0
L03053,216,216,27,0
L03054,212,212,11,0
L03055,205,205,16,0
L03056,201,201,17,0
L03057,217,217,21,0
L03058,202,202,19,0
L03059,208,208,17,0
L03060,207,207,19,0
L03061,209,209,11,0
L03062,207,207,17,0
L03063,210,210,14,0
L03064,202,202,19,0
L03065,206,206,16,0
L03066,214,214,20,0
L03067,212,212,10,0
L03068,205,205,16,0
L03069,211,211,15,0
L03070,208,208,18,0
L03071,201,201,20,0
L03072,215,215,21,0
L03073,201,201,19,0
L03074,210,210,11,0
L03075,208,208,16,0
L03076,205,205,20,0
L03077,212,212,14,0
L03078,209,209,11,0
L03079,216,216,22,0
L03080,206,206,18,0
L03081,211,211,10,0
L03082,214,214,20,0
L03083,203,203,19,0
L03084,215,215,20,0
L03085,213,213,21,0
L03086,101,101,14,0
L03087,214,214,23,0
L03088,205,205,18,0
L03089,216,216,24,0
L03090,208,208,20,0
L03091,203,203,19,0
L03092,206,206,19,0
L03093,201,201,16,0
L03094,215,215,21,0
L03095,202,202,18,0
L03096,210,210,10,0
L03097,212,212,12,0
L03098,206,206,17,0
L03099,209,209,12,0
L03100,217,217,28,0
L03101,101,101,15,0
L03102,215,215,20,0
L03103,208,208,18,0
L03104,210,210,13,0
L03105,214,214,20,0
L03106,203,203,16,0
L03107,202,202,20,0
L03108,211,211,15,0
L03109,207,207,16,0
L03110,211,211,10,0
L03111,210,210,12,0
L03112,213,213,22,0
L03113,214,214,20,0
L03114,217,217,21,0
L03115,206,206,18,0
L03116,215,215,25,0
L03117,101,101,11,0
L03118,201,201,16,0
L03119,208,208,16,0
L03120,209,209,14,0
L03121,207,207,18,0
L03122,203,203,20,0
L03123,216,216,30,0
L03124,205,205,19,0
L03125,212,212,10,0
L03126,202,202,17,0
L03127,210,210,13,0
L03128,214,214,23,0
L03129,207,207,20,0
L03130,101,101,11,0
L03131,209,209,15,0
L03132,217,217,24,0
L03133,203,203,19,0
L03134,205,205,19,0
L03135,212,212,14,0
L03136,206,206,19,0
L03137,216,216,26,0
L03138,211,211,10,0
L03139,213,213,22,0
L03140,202,202,18,0
L03141,215,215,24,0
L03142,213,213,22,0
L03143,203,203,19,0
L03144,202,202,17,0
L03145,211,211,12,0
L03146,101,101,13,0
L03147,210,210,12,0
L03148,208,208,16,0
L03149,201,201,18,0
L03150,209,209,11,0
L03151,216,216,22,0
L03152,214,214,22,0
L03153,202,202,19,0
L03154,208,208,18,0
L03155,217,217,20,0
L03156,206,206,19,0
L03157,205,205,20,0
L03158,101,101,12,0
L03159,213,213,25,0
L03160,215,215,25,0
L03161,203,203,20,0
L03162,212,212,13,0
L03163,216,216,21,0
L03164,209,209,15,0
L03165,213,213,23,0
L03166,202,202,18,0
L03167,207,207,18,0
L03168,209,209,10,0
L03169,201,201,20,0
L03170,205,205,17,0
L03171,211,211,13,0
L03172,206,206,19,0
L03173,215,215,20,0
L03174,203,203,16,0
L03175,101,101,12,0
L03176,212,212,14,0
L03177,203,203,20,0
L03178,213,213,20,0
L03179,206,206,19,0
L03180,101,101,10,0
L03181,217,217,25,0
L03182,207,207,20,0
L03183,211,211,10,0
L03184,215,215,20,0
L03185,214,214,24,0
L03186,208,208,19,0
L03187,205,205,18,0
L03188,209,209,12,0
L03189,217,217,27,0
L03190,205,205,16,0
L03191,211,211,14,0
L03192,207,207,17,0
L03193,201,201,19,0
L03194,210,210,13,0
L03195,214,214,25,0
L03196,213,213,24,0
L03197,216,216,26,0
L03198,202,202,18,0
L03199,203,203,16,0
L03200,206,206,18,0
L03201,215,215,22,0
L03202,216,216,24,0
L03203,210,210,10,0
L03204,201,201,18,0
L03205,205,205,18,0
L03206,203,203,17,0
L03207,202,202,20,0
L03208,207,207,18,0
L03209,209,209,11,0
L03210,213,213,25,0
L03211,101,101,13,0
L03212,214,214,23,0
L03213,215,215,25,0
L03214,208,208,16,0
L03215,212,212,14,0
L03216,206,206,20,0
L03217,211,211,10,0
L03218,217,217,25,0
L03219,215,215,20,0
L03220,214,214,20,0
L03221,208,208,18,0
L03222,202,202,16,0
L03223,206,206,17,0
L03224,211,211,13,0
L03225,217,217,30,0
L03226,101,101,14,0
L03227,209,209,15,0
L03228,201,201,19,0
L03229,212,212,11,0
L03230,203,203,19,0
L03231,216,216,28,0
L03232,213,213,22,0
L03233,205,205,20,0
L03234,213,213,23,0
L03235,208,208,16,0
L03236,101,101,12,0
L03237,211,211,11,0
L03238,206,206,18,0
L03239,217,217,21,0
L03240,214,214,23,0
L03241,201,201,20,0
L03242,207,207,20,0
L03243,203,203,16,0
L03244,202,202,18,0
L03245,210,210,11,0
L03246,208,208,16,0
L03247,205,205,19,0
L03248,201,201,19,0
L03249,217,217,30,0
L03250,203,203,20,0
L03251,214,214,20,0
L03252,215,215,23,0
L03253,212,212,15,0
L03254,216,216,20,0
L03255,101,101,10,0
L03256,206,206,19,0
L03257,209,209,14,0
L03258,201,201,16,0
L03259,216,216,24,0
L03260,205,205,17,0
L03261,203,203,19,0
L03262,215,215,22,0
L03263,217,217,29,0
L03264,210,210,13,0
L03265,206,206,17,0
L03266,211,211,15,0
L03267,101,101,11,0
L03268,202,202,20,0
L03269,202,202,19,0
L03270,214,214,23,0
L03271,211,211,13,0
L03272,209,209,15,0
L03273,216,216,21,0
L03274,208,208,16,0
L03275,210,210,12,0
L03276,212,212,12,0
L03277,217,217,21,0
L03278,201,201,19,0
L03279,213,213,20,0
L03280,101,101,12,0
L03281,206,206,16,0
L03282,207,207,16,0
L03283,205,205,19,0
L03284,211,211,13,0
L03285,101,101,10,0
L03286,214,214,20,0
L03287,209,209,15,0
L03288,215,215,23,0
L03289,203,203,18,0
L03290,202,202,16,0
L03291,210,210,15,0
L03292,201,201,20,0
L03293,212,212,10,0
L03294,214,214,20,0
L03295,205,205,19,0
L03296,203,203,19,0
L03297,216,216,28,0
L03298,206,206,18,0
L03299,217,217,22,0
L03300,211,211,14,0
L03301,209,209,12,0
L03302,215,215,22,0
L03303,202,202,18,0
L03304,208,208,19,0
L03305,207,207,19,0
L03306,213,213,20,0
L03307,212,212,14,0
L03308,201,201,19,0
L03309,210,210,13,0
L03310,101,101,13,0
L03311,206,206,16,0
L03312,201,201,19,0
L03313,209,209,13,0
L03314,216,216,27,0
L03315,215,215,21,0
L03316,210,210,15,0
L03317,101,101,10,0
L03318,217,217,29,0
L03319,202,202,17,0
L03320,207,207,17,0
L03321,208,208,20,0
L03322,205,205,17,0
L03323,203,203,18,0
L03324,214,214,24,0
L03325,216,216,21,0
L03326,213,213,22,0
L03327,201,201,17,0
L03328,209,209,10,0
L03329,207,207,20,0
L03330,214,214,21,0
L03331,202,202,16,0
L03332,208,208,18,0
L03333,217,217,22,0
L03334,205,205,19,0
L03335,215,215,21,0
L03336,212,212,15,0
L03337,207,207,18,0
L03338,201,201,20,0
L03339,202,202,19,0
L03340,211,211,14,0
L03341,203,203,17,0
L03342,208,208,17,0
L03343,216,216,26,0
L03344,214,214,23,0
L03345,215,215,22,0
L03346,210,210,15,0
L03347,206,206,16,0
L03348,213,213,24,0
L03349,213,213,25,0
L03350,211,211,14,0
L03351,202,202,16,0
L03352,216,216,22,0
L03353,201,201,16,0
L03354,215,215,22,0
L03355,210,210,14,0
L03356,101,101,14,0
L03357,217,217,24,0
L03358,207,207,18,0
L03359,208,208,19,0
L03360,214,214,25,0
L03361,213,213,23,0
L03362,209,209,14,0
L03363,208,208,20,0
L03364,202,202,20,0
L03365,207,207,16,0
L03366,201,201,16,0
L03367,216,216,22,0
L03368,205,205,17,0
L03369,211,211,12,0
L03370,206,206,19,0
L03371,101,101,11,0
L03372,214,214,20,0
L03373,209,209,14,0
L03374,210,210,11,0
L03375,201,201,19,0
L03376,212,212,10,0
L03377,101,101,15,0
L03378,217,217,20,0
L03379,211,211,14,0
L03380,206,206,20,0
L03381,213,213,20,0
L03382,215,215,21,0
L03383,205,205,18,0
L03384,214,214,23,0
L03385,203,203,16,0
L03386,202,202,16,0
L03387,207,207,19,0
L03388,208,208,17,0
L03389,213,213,25,0
L03390,203,203,16,0
L03391,206,206,19,0
L03392,101,101,15,0
L03393,214,214,21,0
L03394,215,215,23,0
L03395,210,210,10,0
L03396,216,216,23,0
L03397,201,201,18,0
L03398,205,205,18,0
L03399,211,211,14,0
L03400,217,217,25,0
L03401,209,209,14,0
L03402,212,212,10,0
L03403,202,202,18,0
L03404,215,215,20,0
L03405,206,206,19,0
L03406,209,209,13,0
L03407,214,214,23,0
L03408,207,207,16,0
L03409,211,211,13,0
L03410,101,101,15,0
L03411,217,217,26,0
L03412,216,216,22,0
L03413,201,201,20,0
L03414,210,210,13,0
L03415,203,203,18,0
L03416,208,208,20,0
L03417,211,211,13,0
L03418,215,215,25,0
L03419,201,201,17,0
L03420,206,206,19,0
L03421,213,213,20,0
L03422,208,208,17,0
L03423,205,205,18,0
L03424,214,214,21,0
L03425,101,101,13,0
L03426,212,212,14,0
L03427,216,216,27,0
L03428,202,202,17,0
L03429,217,217,22,0
L03430,202,202,16,0
L03431,214,214,24,0
L03432,213,213,21,0
L03433,206,206,17,0
L03434,101,101,12,0
L03435,209,209,12,0
L03436,215,215,22,0
L03437,210,210,10,0
L03438,203,203,20,0
L03439,216,216,20,0
L03440,211,211,13,0
L03441,201,201,20,0
L03442,211,211,12,0
L03443,206,206,16,0
L03444,215,215,24,0
L03445,101,101,13,0
L03446,213,213,24,0
L03447,212,212,13,0
L03448,205,205,17,0
L03449,216,216,30,0
L03450,209,209,14,0
L03451,210,210,13,0
L03452,202,202,16,0
L03453,214,214,24,0
L03454,210,210,11,0
L03455,205,205,18,0
L03456,211,211,10,0
L03457,101,101,10,0
L03458,215,215,20,0
L03459,212,212,15,0
L03460,217,217,20,0
L03461,201,201,19,0
L03462,213,213,23,0
L03463,209,209,12,0
L03464,203,203,20,0
L03465,203,203,18,0
L03466,211,211,14,0
L03467,208,208,18,0
L03468,213,213,21,0
L03469,216,216,29,0
L03470,210,210,11,0
L03471,212,212,10,0
L03472,215,215,20,0
L03473,205,205,18,0
L03474,206,206,19,0
L03475,101,101,10,0
L03476,201,201,17,0
L03477,217,217,25,0
L03478,209,209,15,0
L03479,207,207,19,0
L03480,217,217,20,0
L03481,202,202,20,0
L03482,210,210,14,0
L03483,101,101,15,0
L03484,213,213,25,0
L03485,214,214,23,0
L03486,203,203,16,0
L03487,206,206,19,0
L03488,211,211,12,0
L03489,212,212,14,0
L03490,215,215,25,0
L03491,208,208,17,0
L03492,216,216,27,0
L03493,205,205,18,0
L03494,201,201,20,0
L03495,208,208,16,0
L03496,213,213,22,0
L03497,211,211,12,0
L03498,206,206,19,0
L03499,209,209,14,0
L03500,101,101,10,0
L03501,201,201,18,0
L03502,210,210,15,0
L03503,217,217,28,0
L03504,216,216,23,0
L03505,207,207,16,0
L03506,205,205,18,0
L03507,215,215,23,0
L03508,203,203,16,0
L03509,209,209,11,0
L03510,207,207,19,0
L03511,216,216,30,0
L03512,205,205,20,0
L03513,212,212,14,0
L03514,213,213,20,0
L03515,211,211,11,0
L03516,210,210,13,0
L03517,203,203,19,0
L03518,217,217,24,0
L03519,201,201,18,0
L03520,214,214,20,0
L03521,101,101,11,0
L03522,217,217,20,0
L03523,202,202,16,0
L03524,210,210,12,0
L03525,215,215,25,0
L03526,207,207,16,0
L03527,209,209,10,0
L03528,206,206,20,0
L03529,205,205,20,0
L03530,201,201,18,0
L03531,216,216,27,0
L03532,208,208,18,0
L03533,214,214,22,0
L03534,209,209,13,0
L03535,207,207,17,0
L03536,214,214,24,0
L03537,217,217,28,0
L03538,101,101,10,0
L03539,212,212,14,0
L03540,210,210,12,0
L03541,213,213,21,0
L03542,215,215,23,0
L03543,203,203,18,0
L03544,205,205,16,0
L03545,208,208,19,0
L03546,216,216,22,0
L03547,209,209,14,0
L03548,215,215,21,0
L03549,213,213,24,0
L03550,205,205,18,0
L03551,206,206,16,0
L03552,212,212,13,0
L03553,214,214,21,0
L03554,208,208,18,0
L03555,210,210,12,0
L03556,202,202,17,0
L03557,203,203,17,0
L03558,208,208,16,0
L03559,201,201,18,0
L03560,211,211,15,0
L03561,202,202,17,0
L03562,217,217,28,0
L03563,209,209,12,0
L03564,210,210,10,0
L03565,206,206,18,0
L03566,214,214,22,0
L03567,205,205,16,0
L03568,216,216,21,0
L03569,101,101,11,0
L03570,203,203,18,0
L03571,101,101,11,0
L03572,216,216,24,0
L03573,217,217,27,0
L03574,203,203,16,0
L03575,209,209,10,0
L03576,214,214,23,0
L03577,201,201,20,0
L03578,212,212,14,0
L03579,202,202,19,0
L03580,215,215,25,0
L03581,207,207,18,0
L03582,213,213,20,0
L03583,205,205,18,0
L03584,206,206,16,0
L03585,210,210,11,0
L03586,211,211,14,0
L03587,208,208,16,0
L03588,208,208,20,0
L03589,214,214,25,0
L03590,213,213,22,0
L03591,201,201,16,0
L03592,101,101,14,0
L03593,209,209,10,0
L03594,215,215,22,0
L03595,217,217,21,0
L03596,211,211,12,0
L03597,202,202,16,0
L03598,216,216,22,0
L03599,210,210,10,0
L03600,203,203,16,0
L03601,206,206,19,0
L03602,216,216,24,0
L03603,203,203,16,0
L03604,207,207,18,0
L03605,205,205,18,0
L03606,212,212,10,0
L03607,209,209,12,0
L03608,210,210,13,0
L03609,217,217,29,0
L03610,211,211,14,0
L03611,202,202,17,0
L03612,214,214,21,0
L03613,215,215,21,0
L03614,209,209,13,0
L03615,215,215,23,0
L03616,208,208,20,0
L03617,213,213,21,0
L03618,202,202,19,0
L03619,211,211,14,0
L03620,214,214,24,0
L03621,210,210,14,0
L03622,205,205,18,0
L03623,216,216,27,0
L03624,212,212,11,0
L03625,206,206,20,0
L03626,209,209,13,0
L03627,101,101,14,0
L03628,214,214,21,0
L03629,208,208,16,0
L03630,212,212,14,0
L03631,211,211,11,0
L03632,215,215,25,0
L03633,210,210,12,0
L03634,217,217,22,0
L03635,216,216,23,0
L03636,205,205,20,0
L03637,213,213,20,0
L03638,217,217,26,0
L03639,210,210,10,0
L03640,211,211,12,0
L03641,216,216,26,0
L03642,215,215,21,0
L03643,214,214,23,0
L03644,212,212,10,0
L03645,202,202,19,0
L03646,208,208,16,0
L03647,205,205,17,0
L03648,201,201,18,0
L03649,203,203,16,0
L03650,101,101,11,0
L03651,207,207,19,0
L03652,217,217,23,0
L03653,213,213,24,0
L03654,209,209,12,0
L03655,212,212,14,0
L03656,201,201,16,0
L03657,208,208,17,0
L03658,203,203,18,0
L03659,205,205,20,0
L03660,206,206,16,0
L03661,202,202,20,0
L03662,215,215,21,0
L03663,214,214,23,0
L03664,213,213,23,0
L03665,201,201,20,0
L03666,101,101,12,0
L03667,207,207,17,0
L03668,202,202,19,0
L03669,206,206,18,0
L03670,203,203,17,0
L03671,217,217,26,0
L03672,212,212,12,0
L03673,205,205,17,0
L03674,210,210,10,0
L03675,216,216,30,0
L03676,208,208,18,0
L03677,209,209,15,0
L03678,215,215,22,0
L03679,211,211,15,0
L03680,207,207,20,0
L03681,205,205,18,0
L03682,211,211,12,0
L03683,202,202,19,0
L03684,208,208,20,0
L03685,206,206,16,0
L03686,216,216,25,0
L03687,213,213,20,0
L03688,101,101,14,0
L03689,209,209,14,0
L03690,212,212,12,0
L03691,201,201,16,0
L03692,214,214,22,0
L03693,217,217,26,0
L03694,101,101,15,0
L03695,210,210,11,0
L03696,205,205,16,0
L03697,206,206,20,0
L03698,203,203,19,0
L03699,211,211,14,0
L03700,201,201,20,0
L03701,213,213,24,0
L03702,208,208,19,0
L03703,216,216,26,0
L03704,202,202,17,0
L03705,209,209,11,0
L03706,101,101,15,0
L03707,202,202,16,0
L03708,205,205,17,0
L03709,203,203,17,0
L03710,217,217,20,0
L03711,215,215,22,0
L03712,210,210,11,0
L03713,201,201,17,0
L03714,216,216,23,0
L03715,207,207,17,0
L03716,211,211,15,0
L03717,206,206,20,0
L03718,203,203,20,0
L03719,212,212,15,0
L03720,206,206,17,0
L03721,211,211,10,0
L03722,207,207,20,0
L03723,210,210,13,0
L03724,216,216,20,0
L03725,213,213,21,0
L03726,201,201,18,0
L03727,214,214,20,0
L03728,217,217,29,0
L03729,215,215,25,0
L03730,205,205,17,0
L03731,209,209,13,0
L03732,216,216,20,0
L03733,202,202,18,0
L03734,208,208,16,0
L03735,212,212,10,0
L03736,214,214,22,0
L03737,207,207,17,0
L03738,211,211,14,0
L03739,206,206,19,0
L03740,215,215,23,0
L03741,217,217,26,0
L03742,205,205,20,0
L03743,206,206,18,0
L03744,207,207,19,0
L03745,210,210,10,0
L03746,215,215,23,0
L03747,209,209,15,0
L03748,208,208,17,0
L03749,101,101,13,0
L03750,211,211,10,0
L03751,217,217,22,0
L03752,212,212,13,0
L03753,213,213,22,0
L03754,201,201,19,0
L03755,207,207,20,0
L03756,214,214,24,0
L03757,202,202,19,0
L03758,211,211,13,0
L03759,205,205,17,0
L03760,206,206,19,0
L03761,101,101,14,0
L03762,203,203,16,0
L03763,216,216,25,0
L03764,201,201,17,0
L03765,215,215,23,0
L03766,210,210,11,0
L03767,208,208,20,0
L03768,209,209,10,0
L03769,217,217,28,0
L03770,212,212,14,0
L03771,213,213,21,0
L03772,216,216,23,0
L03773,209,209,11,0
L03774,215,215,20,0
L03775,201,201,20,0
L03776,212,212,13,0
L03777,101,101,10,0
L03778,206,206,16,0
L03779,214,214,24,0
L03780,209,209,14,0
L03781,213,213,24,0
L03782,217,217,22,0
L03783,202,202,18,0
L03784,211,211,13,0
L03785,208,208,19,0
L03786,203,203,16,0
L03787,212,212,15,0
L03788,213,213,25,0
L03789,208,208,19,0
L03790,211,211,12,0
L03791,202,202,16,0
L03792,206,206,20,0
L03793,215,215,25,0
L03794,205,205,19,0
L03795,214,214,21,0
L03796,216,216,21,0
L03797,101,101,10,0
L03798,206,206,20,0
L03799,201,201,20,0
L03800,212,212,15,0
L03801,215,215,25,0
L03802,101,101,15,0
L03803,216,216,26,0
L03804,208,208,17,0
L03805,210,210,13,0
L03806,211,211,13,0
L03807,205,205,20,0
L03808,209,209,15,0
L03809,207,207,17,0
L03810,205,205,20,0
L03811,213,213,25,0
L03812,210,210,15,0
L03813,216,216,21,0
L03814,206,206,19,0
L03815,211,211,14,0
L03816,202,202,20,0
L03817,214,214,23,0
L03818,207,207,16,0
L03819,203,203,16,0
L03820,215,215,23,0
L03821,101,101,13,0
L03822,215,215,24,0
L03823,210,210,15,0
L03824,209,209,14,0
L03825,217,217,21,0
L03826,207,207,17,0
L03827,212,212,13,0
L03828,202,202,20,0
L03829,101,101,10,0
L03830,211,211,12,0
L03831,214,214,25,0
L03832,203,203,17,0
L03833,208,208,18,0
L03834,216,216,22,0
L03835,205,205,20,0
L03836,203,203,18,0
L03837,202,202,19,0
L03838,209,209,12,0
L03839,206,206,20,0
L03840,208,208,16,0
L03841,212,212,13,0
L03842,211,211,14,0
L03843,101,101,10,0
L03844,201,201,19,0
L03845,210,210,14,0
L03846,217,217,22,0
L03847,216,216,22,0
L03848,214,214,25,0
L03849,207,207,18,0
L03850,213,213,20,0
L03851,215,215,25,0
L03852,211,211,14,0
L03853,217,217,29,0
L03854,206,206,19,0
L03855,201,201,20,0
L03856,211,211,13,0
L03857,210,210,10,0
L03858,213,213,21,0
L03859,212,212,10,0
L03860,203,203,16,0
L03861,209,209,14,0
L03862,202,202,16,0
L03863,207,207,20,0
L03864,216,216,23,0
L03865,214,214,22,0
L03866,211,211,14,0
L03867,201,201,16,0
L03868,208,208,20,0
L03869,217,217,28,0
L03870,212,212,12,0
L03871,213,213,25,0
L03872,101,101,12,0
L03873,207,207,18,0
L03874,205,205,20,0
L03875,210,210,13,0
L03876,209,209,14,0
L03877,215,215,24,0
L03878,208,208,16,0
L03879,205,205,18,0
L03880,202,202,20,0
L03881,217,217,23,0
L03882,210,210,11,0
L03883,201,201,18,0
L03884,209,209,13,0
L03885,211,211,12,0
L03886,206,206,20,0
L03887,215,215,23,0
L03888,207,207,19,0
L03889,203,203,17,0
L03890,212,212,13,0
L03891,101,101,10,0
L03892,208,208,17,0
L03893,201,201,16,0
L03894,214,214,21,0
L03895,217,217,21,0
L03896,210,210,15,0
L03897,209,209,14,0
L03898,215,215,25,0
L03899,213,213,20,0
L03900,211,211,13,0
L03901,205,205,19,0
L03902,208,208,19,0
L03903,201,201,18,0
L03904,213,213,20,0
L03905,210,210,12,0
L03906,202,202,20,0
L03907,209,209,14,0
L03908,216,216,27,0
L03909,203,203,18,0
L03910,217,217,23,0
L03911,101,101,15,0
L03912,211,211,10,0
L03913,205,205,20,0
L03914,214,214,23,0
L03915,211,211,15,0
L03916,203,203,20,0
L03917,202,202,16,0
L03918,208,208,17,0
L03919,212,212,13,0
L03920,209,209,14,0
L03921,213,213,21,0
L03922,215,215,25,0
L03923,101,101,12,0
L03924,214,214,25,0
L03925,210,210,11,0
L03926,201,201,19,0
L03927,205,205,16,0
L03928,216,216,22,0
L03929,217,217,26,0
L03930,206,206,20,0
L03931,207,207,20,0
L03932,213,213,23,0
L03933,216,216,20,0
L03934,211,211,12,0
L03935,215,215,20,0
L03936,203,203,18,0
L03937,202,202,18,0
L03938,201,201,19,0
L03939,217,217,28,0
L03940,208,208,16,0
L03941,207,207,17,0
L03942,212,212,15,0
L03943,206,206,19,0
L03944,216,216,23,0
L03945,210,210,15,0
L03946,213,213,20,0
L03947,201,201,18,0
L03948,210,210,11,0
L03949,217,217,21,0
L03950,214,214,23,0
L03951,207,207,18,0
L03952,205,205,19,0
L03953,211,211,11,0
L03954,216,216,24,0
L03955,215,215,23,0
L03956,206,206,20,0
L03957,203,203,20,0
L03958,207,207,18,0
L03959,212,212,15,0
L03960,214,214,22,0
L03961,201,201,17,0
L03962,206,206,17,0
L03963,101,101,10,0
L03964,215,215,23,0
L03965,211,211,14,0
L03966,216,216,22,0
L03967,208,208,19,0
L03968,205,205,17,0
L03969,203,203,16,0
L03970,209,209,12,0
L03971,211,211,15,0
L03972,207,207,20,0
L03973,216,216,27,0
L03974,212,212,13,0
L03975,205,205,19,0
L03976,215,215,21,0
L03977,208,208,16,0
L03978,214,214,24,0
L03979,202,202,18,0
L03980,101,101,10,0
L03981,206,206,19,0
L03982,202,202,20,0
L03983,206,206,18,0
L03984,216,216,26,0
L03985,213,213,22,0
L03986,205,205,16,0
L03987,214,214,20,0
L03988,208,208,18,0
L03989,215,215,23,0
L03990,207,207,19,0
L03991,210,210,12,0
L03992,203,203,19,0
L03993,217,217,26,0
L03994,209,209,11,0
L03995,205,205,16,0
L03996,210,210,14,0
L03997,217,217,29,0
L03998,206,206,19,0
L03999,216,216,28,0
L04000,213,213,25,0
L04001,207,207,18,0
L04002,212,212,13,0
L04003,211,211,12,0
L04004,101,101,15,0
L04005,215,215,21,0
L04006,214,214,22,0
L04007,202,202,18,0
L04008,203,203,18,0
L04009,208,208,17,0
L04010,209,209,12,0
L04011,201,201,18,0
L04012,217,217,28,0
L04013,212,212,13,0
L04014,209,209,13,0
L04015,215,215,23,0
L04016,101,101,11,0
L04017,211,211,14,0
L04018,207,207,17,0
L04019,213,213,24,0
L04020,208,208,20,0
L04021,201,201,16,0
L04022,206,206,19,0
L04023,202,202,17,0
L04024,216,216,22,0
L04025,205,205,19,0
L04026,214,214,23,0
L04027,210,210,14,0
L04028,203,203,18,0
L04029,210,210,10,0
L04030,212,212,13,0
L04031,207,207,16,0
L04032,208,208,16,0
L04033,205,205,18,0
L04034,215,215,22,0
L04035,211,211,10,0
L04036,201,201,17,0
L04037,202,202,20,0
L04038,206,206,17,0
L04039,216,216,27,0
L04040,213,213,25,0
L04041,209,209,11,0
L04042,217,217,28,0
L04043,214,214,23,0
L04044,201,201,20,0
L04045,205,205,20,0
L04046,208,208,17,0
L04047,206,206,17,0
L04048,215,215,24,0
L04049,214,214,21,0
L04050,216,216,23,0
L04051,101,101,14,0
L04052,209,209,15,0
L04053,203,203,20,0
L04054,212,212,14,0
L04055,210,210,13,0
L04056,211,211,11,0
L04057,217,217,22,0
L04058,207,207,18,0
L04059,202,202,18,0
L04060,213,213,23,0
L04061,216,216,30,0
L04062,203,203,20,0
L04063,101,101,15,0
L04064,215,215,23,0
L04065,206,206,17,0
L04066,202,202,20,0
L04067,201,201,19,0
L04068,210,210,13,0
L04069,212,212,10,0
L04070,217,217,20,0
L04071,214,214,21,0
L04072,211,211,12,0
L04073,209,209,13,0
L04074,207,207,18,0
L04075,208,208,19,0
